strainID	genus	family	order	class	phylum	kingdom
medium	medium	medium	medium	medium	medium	medium
blank	blank	blank	blank	blank	blank	blank
Leaf1	Microbacterium	Microbacteriaceae	Actinomycetales	Actinobacteria	Actinobacteria	Bacteria
Leaf2	Novosphingobium	Sphingomonadaceae	Sphingomonadales	Alphaproteobacteria	Proteobacteria	Bacteria
Leaf3		Promicromonosporaceae	Actinomycetales	Actinobacteria	Actinobacteria	Bacteria
Leaf5	Sphingomonas	Sphingomonadaceae	Sphingomonadales	Alphaproteobacteria	Proteobacteria	Bacteria
Leaf7	Rhodococcus	Nocardiaceae	Actinomycetales	Actinobacteria	Actinobacteria	Bacteria
Leaf8	Curtobacterium	Microbacteriaceae	Actinomycetales	Actinobacteria	Actinobacteria	Bacteria
Leaf9	Sphingomonas	Sphingomonadaceae	Sphingomonadales	Alphaproteobacteria	Proteobacteria	Bacteria
Leaf10	Sphingomonas	Sphingomonadaceae	Sphingomonadales	Alphaproteobacteria	Proteobacteria	Bacteria
Leaf11	Sphingomonas	Sphingomonadaceae	Sphingomonadales	Alphaproteobacteria	Proteobacteria	Bacteria
Leaf13	Bacillus	Bacillaceae	Bacillales	Bacilli	Firmicutes	Bacteria
Leaf15	Pseudomonas	Pseudomonadaceae	Pseudomonadales	Gammaproteobacteria	Proteobacteria	Bacteria
Leaf16	Sphingomonas	Sphingomonadaceae	Sphingomonadales	Alphaproteobacteria	Proteobacteria	Bacteria
Leaf17	Sphingomonas	Sphingomonadaceae	Sphingomonadales	Alphaproteobacteria	Proteobacteria	Bacteria
Leaf20	Sphingomonas	Sphingomonadaceae	Sphingomonadales	Alphaproteobacteria	Proteobacteria	Bacteria
Leaf22	Sphingomonas	Sphingomonadaceae	Sphingomonadales	Alphaproteobacteria	Proteobacteria	Bacteria
Leaf23	Sphingomonas	Sphingomonadaceae	Sphingomonadales	Alphaproteobacteria	Proteobacteria	Bacteria
Leaf24	Sphingomonas	Sphingomonadaceae	Sphingomonadales	Alphaproteobacteria	Proteobacteria	Bacteria
Leaf25	Sphingomonas	Sphingomonadaceae	Sphingomonadales	Alphaproteobacteria	Proteobacteria	Bacteria
Leaf26	Sphingobium	Sphingomonadaceae	Sphingomonadales	Alphaproteobacteria	Proteobacteria	Bacteria
Leaf28	Sphingomonas	Sphingomonadaceae	Sphingomonadales	Alphaproteobacteria	Proteobacteria	Bacteria
Leaf29	Sphingomonas	Sphingomonadaceae	Sphingomonadales	Alphaproteobacteria	Proteobacteria	Bacteria
Leaf30	Sphingomonas	Sphingomonadaceae	Sphingomonadales	Alphaproteobacteria	Proteobacteria	Bacteria
Leaf32	Sphingomonas	Sphingomonadaceae	Sphingomonadales	Alphaproteobacteria	Proteobacteria	Bacteria
Leaf33	Sphingomonas	Sphingomonadaceae	Sphingomonadales	Alphaproteobacteria	Proteobacteria	Bacteria
Leaf34	Sphingomonas	Sphingomonadaceae	Sphingomonadales	Alphaproteobacteria	Proteobacteria	Bacteria
Leaf38	Sphingomonas	Sphingomonadaceae	Sphingomonadales	Alphaproteobacteria	Proteobacteria	Bacteria
Leaf41	Pedobacter	Sphingobacteriaceae	Sphingobacteriales	Sphingobacteriia	Bacteroidetes	Bacteria
Leaf42	Sphingomonas	Sphingomonadaceae	Sphingomonadales	Alphaproteobacteria	Proteobacteria	Bacteria
Leaf44	Curtobacterium	Microbacteriaceae	Actinomycetales	Actinobacteria	Actinobacteria	Bacteria
Leaf48	Pseudomonas	Pseudomonadaceae	Pseudomonadales	Gammaproteobacteria	Proteobacteria	Bacteria
Leaf49	Bacillus	Bacillaceae	Bacillales	Bacilli	Firmicutes	Bacteria
Leaf50		Enterobacteriaceae	Enterobacteriales	Gammaproteobacteria	Proteobacteria	Bacteria
Leaf51	Rahnella	Enterobacteriaceae	Enterobacteriales	Gammaproteobacteria	Proteobacteria	Bacteria
Leaf53	Erwinia	Enterobacteriaceae	Enterobacteriales	Gammaproteobacteria	Proteobacteria	Bacteria
Leaf58	Pseudomonas	Pseudomonadaceae	Pseudomonadales	Gammaproteobacteria	Proteobacteria	Bacteria
Leaf61		Oxalobacteraceae	Burkholderiales	Betaproteobacteria	Proteobacteria	Bacteria
Leaf62	Sphingomonas	Sphingomonadaceae	Sphingomonadales	Alphaproteobacteria	Proteobacteria	Bacteria
Leaf64		Hyphomicrobiaceae	Rhizobiales	Alphaproteobacteria	Proteobacteria	Bacteria
Leaf67	Sphingomonas	Sphingomonadaceae	Sphingomonadales	Alphaproteobacteria	Proteobacteria	Bacteria
Leaf68	Agrobacterium	Rhizobiaceae	Rhizobiales	Alphaproteobacteria	Proteobacteria	Bacteria
Leaf69	Arthrobacter	Micrococcaceae	Actinomycetales	Actinobacteria	Actinobacteria	Bacteria
Leaf70	Xanthomonas	Xanthomonadaceae	Xanthomonadales	Gammaproteobacteria	Proteobacteria	Bacteria
Leaf72	Paenibacillus	Paenibacillaceae	Bacillales	Bacilli	Firmicutes	Bacteria
Leaf75	Bacillus	Bacillaceae	Bacillales	Bacilli	Firmicutes	Bacteria
Leaf76	Acidovorax	Comamonadaceae	Burkholderiales	Betaproteobacteria	Proteobacteria	Bacteria
Leaf78	Acidovorax	Comamonadaceae	Burkholderiales	Betaproteobacteria	Proteobacteria	Bacteria
Leaf82	Flavobacterium	Flavobacteriaceae	Flavobacteriales	Flavobacteriia	Bacteroidetes	Bacteria
Leaf83	Pseudomonas	Pseudomonadaceae	Pseudomonadales	Gammaproteobacteria	Proteobacteria	Bacteria
Leaf84	Acidovorax	Comamonadaceae	Burkholderiales	Betaproteobacteria	Proteobacteria	Bacteria
Leaf85	Methylobacterium	Methylobacteriaceae	Rhizobiales	Alphaproteobacteria	Proteobacteria	Bacteria
Leaf86	Methylobacterium	Methylobacteriaceae	Rhizobiales	Alphaproteobacteria	Proteobacteria	Bacteria
Leaf87	Methylobacterium	Methylobacteriaceae	Rhizobiales	Alphaproteobacteria	Proteobacteria	Bacteria
Leaf88	Methylobacterium	Methylobacteriaceae	Rhizobiales	Alphaproteobacteria	Proteobacteria	Bacteria
Leaf89	Methylobacterium	Methylobacteriaceae	Rhizobiales	Alphaproteobacteria	Proteobacteria	Bacteria
Leaf90	Methylobacterium	Methylobacteriaceae	Rhizobiales	Alphaproteobacteria	Proteobacteria	Bacteria
Leaf91	Methylobacterium	Methylobacteriaceae	Rhizobiales	Alphaproteobacteria	Proteobacteria	Bacteria
Leaf92	Methylobacterium	Methylobacteriaceae	Rhizobiales	Alphaproteobacteria	Proteobacteria	Bacteria
Leaf93	Methylobacterium	Methylobacteriaceae	Rhizobiales	Alphaproteobacteria	Proteobacteria	Bacteria
Leaf94	Methylobacterium	Methylobacteriaceae	Rhizobiales	Alphaproteobacteria	Proteobacteria	Bacteria
Leaf99	Methylobacterium	Methylobacteriaceae	Rhizobiales	Alphaproteobacteria	Proteobacteria	Bacteria
Leaf100	Methylobacterium	Methylobacteriaceae	Rhizobiales	Alphaproteobacteria	Proteobacteria	Bacteria
Leaf102	Methylobacterium	Methylobacteriaceae	Rhizobiales	Alphaproteobacteria	Proteobacteria	Bacteria
Leaf104	Methylobacterium	Methylobacteriaceae	Rhizobiales	Alphaproteobacteria	Proteobacteria	Bacteria
Leaf106	Methylobacterium	Methylobacteriaceae	Rhizobiales	Alphaproteobacteria	Proteobacteria	Bacteria
Leaf108	Methylobacterium	Methylobacteriaceae	Rhizobiales	Alphaproteobacteria	Proteobacteria	Bacteria
Leaf111	Methylobacterium	Methylobacteriaceae	Rhizobiales	Alphaproteobacteria	Proteobacteria	Bacteria
Leaf112	Methylobacterium	Methylobacteriaceae	Rhizobiales	Alphaproteobacteria	Proteobacteria	Bacteria
Leaf113	Methylobacterium	Methylobacteriaceae	Rhizobiales	Alphaproteobacteria	Proteobacteria	Bacteria
Leaf117	Methylobacterium	Methylobacteriaceae	Rhizobiales	Alphaproteobacteria	Proteobacteria	Bacteria
Leaf119	Methylobacterium	Methylobacteriaceae	Rhizobiales	Alphaproteobacteria	Proteobacteria	Bacteria
Leaf121	Methylobacterium	Methylobacteriaceae	Rhizobiales	Alphaproteobacteria	Proteobacteria	Bacteria
Leaf122	Methylobacterium	Methylobacteriaceae	Rhizobiales	Alphaproteobacteria	Proteobacteria	Bacteria
Leaf123	Methylobacterium	Methylobacteriaceae	Rhizobiales	Alphaproteobacteria	Proteobacteria	Bacteria
Leaf125	Methylobacterium	Methylobacteriaceae	Rhizobiales	Alphaproteobacteria	Proteobacteria	Bacteria
Leaf126		Oxalobacteraceae	Burkholderiales	Betaproteobacteria	Proteobacteria	Bacteria
Leaf127	Pseudomonas	Pseudomonadaceae	Pseudomonadales	Gammaproteobacteria	Proteobacteria	Bacteria
Leaf129	Pseudomonas	Pseudomonadaceae	Pseudomonadales	Gammaproteobacteria	Proteobacteria	Bacteria
Leaf130	Acinetobacter	Moraxellaceae	Pseudomonadales	Gammaproteobacteria	Proteobacteria	Bacteria
Leaf131	Xanthomonas	Xanthomonadaceae	Xanthomonadales	Gammaproteobacteria	Proteobacteria	Bacteria
Leaf137	Arthrobacter	Micrococcaceae	Actinomycetales	Actinobacteria	Actinobacteria	Bacteria
Leaf139	Massilia	Oxalobacteraceae	Burkholderiales	Betaproteobacteria	Proteobacteria	Bacteria
Leaf141	Arthrobacter	Micrococcaceae	Actinomycetales	Actinobacteria	Actinobacteria	Bacteria
Leaf145	Arthrobacter	Micrococcaceae	Actinomycetales	Actinobacteria	Actinobacteria	Bacteria
Leaf148	Xanthomonas	Xanthomonadaceae	Xanthomonadales	Gammaproteobacteria	Proteobacteria	Bacteria
Leaf151	Microbacterium	Microbacteriaceae	Actinomycetales	Actinobacteria	Actinobacteria	Bacteria
Leaf154	Curtobacterium	Microbacteriaceae	Actinomycetales	Actinobacteria	Actinobacteria	Bacteria
Leaf155	Agrobacterium	Rhizobiaceae	Rhizobiales	Alphaproteobacteria	Proteobacteria	Bacteria
Leaf159	Microbacterium	Microbacteriaceae	Actinomycetales	Actinobacteria	Actinobacteria	Bacteria
Leaf160	Acidovorax	Comamonadaceae	Burkholderiales	Betaproteobacteria	Proteobacteria	Bacteria
Leaf161	Microbacterium	Microbacteriaceae	Actinomycetales	Actinobacteria	Actinobacteria	Bacteria
Leaf164	Curtobacterium	Microbacteriaceae	Actinomycetales	Actinobacteria	Actinobacteria	Bacteria
Leaf168		Caulobacteraceae	Caulobacterales	Alphaproteobacteria	Proteobacteria	Bacteria
Leaf171	Microbacterium	Microbacteriaceae	Actinomycetales	Actinobacteria	Actinobacteria	Bacteria
Leaf172	Curtobacterium	Microbacteriaceae	Actinomycetales	Actinobacteria	Actinobacteria	Bacteria
Leaf176	Pedobacter	Sphingobacteriaceae	Sphingobacteriales	Sphingobacteriia	Bacteroidetes	Bacteria
Leaf177	Burkholderia	Burkholderiaceae	Burkholderiales	Betaproteobacteria	Proteobacteria	Bacteria
Leaf179	Microbacterium	Microbacteriaceae	Actinomycetales	Actinobacteria	Actinobacteria	Bacteria
Leaf180		Flavobacteriaceae	Flavobacteriales	Flavobacteriia	Bacteroidetes	Bacteria
Leaf182	Brevibacillus	Paenibacillaceae	Bacillales	Bacilli	Firmicutes	Bacteria
Leaf183	Curtobacterium	Microbacteriaceae	Actinomycetales	Actinobacteria	Actinobacteria	Bacteria
Leaf185		Microbacteriaceae	Actinomycetales	Actinobacteria	Actinobacteria	Bacteria
Leaf186	Curtobacterium	Microbacteriaceae	Actinomycetales	Actinobacteria	Actinobacteria	Bacteria
Leaf187	Exiguobacterium	Exiguobacterium	Bacillales	Bacilli	Firmicutes	Bacteria
Leaf189	Dyadobacter	Cytophagaceae	Cytophagales	Cytophagia	Bacteroidetes	Bacteria
Leaf191	Acidovorax	Comamonadaceae	Burkholderiales	Betaproteobacteria	Proteobacteria	Bacteria
Leaf194		Sphingobacteriaceae	Sphingobacteriales	Sphingobacteriia	Bacteroidetes	Bacteria
Leaf196	Exiguobacterium	Exiguobacterium	Bacillales	Bacilli	Firmicutes	Bacteria
Leaf198	Sphingomonas	Sphingomonadaceae	Sphingomonadales	Alphaproteobacteria	Proteobacteria	Bacteria
Leaf201		Flavobacteriaceae	Flavobacteriales	Flavobacteriia	Bacteroidetes	Bacteria
Leaf202	Agrobacterium	Rhizobiaceae	Rhizobiales	Alphaproteobacteria	Proteobacteria	Bacteria
Leaf203	Microbacterium	Microbacteriaceae	Actinomycetales	Actinobacteria	Actinobacteria	Bacteria
Leaf208	Sphingomonas	Sphingomonadaceae	Sphingomonadales	Alphaproteobacteria	Proteobacteria	Bacteria
Leaf210		Microbacteriaceae	Actinomycetales	Actinobacteria	Actinobacteria	Bacteria
Leaf216	Pedobacter	Sphingobacteriaceae	Sphingobacteriales	Sphingobacteriia	Bacteroidetes	Bacteria
Leaf220		Comamonadaceae	Burkholderiales	Betaproteobacteria	Proteobacteria	Bacteria
Leaf222		Microbacteriaceae	Actinomycetales	Actinobacteria	Actinobacteria	Bacteria
Leaf225	Rhodococcus	Nocardiaceae	Actinomycetales	Actinobacteria	Actinobacteria	Bacteria
Leaf226	Sphingomonas	Sphingomonadaceae	Sphingomonadales	Alphaproteobacteria	Proteobacteria	Bacteria
Leaf230	Sphingomonas	Sphingomonadaceae	Sphingomonadales	Alphaproteobacteria	Proteobacteria	Bacteria
Leaf231	Sphingomonas	Sphingomonadaceae	Sphingomonadales	Alphaproteobacteria	Proteobacteria	Bacteria
Leaf233	Rhodococcus	Nocardiaceae	Actinomycetales	Actinobacteria	Actinobacteria	Bacteria
Leaf234	Arthrobacter	Micrococcaceae	Actinomycetales	Actinobacteria	Actinobacteria	Bacteria
Leaf242	Sphingomonas	Sphingomonadaceae	Sphingomonadales	Alphaproteobacteria	Proteobacteria	Bacteria
Leaf244		Microbacteriaceae	Actinomycetales	Actinobacteria	Actinobacteria	Bacteria
Leaf245	Aeromicrobium	Nocardioidaceae	Actinomycetales	Actinobacteria	Actinobacteria	Bacteria
Leaf247	Rhodococcus	Nocardiaceae	Actinomycetales	Actinobacteria	Actinobacteria	Bacteria
Leaf254		Microbacteriaceae	Actinomycetales	Actinobacteria	Actinobacteria	Bacteria
Leaf257	Sphingomonas	Sphingomonadaceae	Sphingomonadales	Alphaproteobacteria	Proteobacteria	Bacteria
Leaf258	Rhodococcus	Nocardiaceae	Actinomycetales	Actinobacteria	Actinobacteria	Bacteria
Leaf261		Microbacteriaceae	Actinomycetales	Actinobacteria	Actinobacteria	Bacteria
Leaf262		Rhizobiaceae	Rhizobiales	Alphaproteobacteria	Proteobacteria	Bacteria
Leaf263	Curtobacterium	Microbacteriaceae	Actinomycetales	Actinobacteria	Actinobacteria	Bacteria
Leaf264	Agromyces	Microbacteriaceae	Actinomycetales	Actinobacteria	Actinobacteria	Bacteria
Leaf265		Comamonadaceae	Burkholderiales	Betaproteobacteria	Proteobacteria	Bacteria
Leaf267	Variovorax	Comamonadaceae	Burkholderiales	Betaproteobacteria	Proteobacteria	Bacteria
Leaf272	Aeromicrobium	Nocardioidaceae	Actinomycetales	Actinobacteria	Actinobacteria	Bacteria
Leaf274	Variovorax	Comamonadaceae	Burkholderiales	Betaproteobacteria	Proteobacteria	Bacteria
Leaf278	Rhodococcus	Nocardiaceae	Actinomycetales	Actinobacteria	Actinobacteria	Bacteria
Leaf280		Caulobacteraceae	Caulobacterales	Alphaproteobacteria	Proteobacteria	Bacteria
Leaf283		Microbacteriaceae	Actinomycetales	Actinobacteria	Actinobacteria	Bacteria
Leaf285	Nocardioides	Nocardioidaceae	Actinomycetales	Actinobacteria	Actinobacteria	Bacteria
Leaf288	Microbacterium	Microbacteriaceae	Actinomycetales	Actinobacteria	Actinobacteria	Bacteria
Leaf289	Aeromicrobium	Nocardioidaceae	Actinomycetales	Actinobacteria	Actinobacteria	Bacteria
Leaf291	Aeromicrobium	Nocardioidaceae	Actinomycetales	Actinobacteria	Actinobacteria	Bacteria
Leaf294		Microbacteriaceae	Actinomycetales	Actinobacteria	Actinobacteria	Bacteria
Leaf296		Microbacteriaceae	Actinomycetales	Actinobacteria	Actinobacteria	Bacteria
Leaf299		Microbacteriaceae	Actinomycetales	Actinobacteria	Actinobacteria	Bacteria
Leaf304	Curtobacterium	Microbacteriaceae	Actinomycetales	Actinobacteria	Actinobacteria	Bacteria
Leaf306	Rhizobium	Rhizobiaceae	Rhizobiales	Alphaproteobacteria	Proteobacteria	Bacteria
Leaf307		Nocardioidaceae	Actinomycetales	Actinobacteria	Actinobacteria	Bacteria
Leaf311	Rhizobium	Rhizobiaceae	Rhizobiales	Alphaproteobacteria	Proteobacteria	Bacteria
Leaf314	Microbacterium	Microbacteriaceae	Actinomycetales	Actinobacteria	Actinobacteria	Bacteria
Leaf320	Microbacterium	Microbacteriaceae	Actinomycetales	Actinobacteria	Actinobacteria	Bacteria
Leaf321	Rhizobium	Rhizobiaceae	Rhizobiales	Alphaproteobacteria	Proteobacteria	Bacteria
Leaf324		Aurantimonadaceae	Rhizobiales	Alphaproteobacteria	Proteobacteria	Bacteria
Leaf325	Agromyces	Microbacteriaceae	Actinomycetales	Actinobacteria	Actinobacteria	Bacteria
Leaf326	Deinococcus	Deinococcaceae	Deinococcales	Deinococci	Deinococcus-Thermus	Bacteria
Leaf334	Cellulomonas	Cellulomonadaceae	Actinomycetales	Actinobacteria	Actinobacteria	Bacteria
Leaf335		Microbacteriaceae	Actinomycetales	Actinobacteria	Actinobacteria	Bacteria
Leaf336	Leifsonia	Microbacteriaceae	Actinomycetales	Actinobacteria	Actinobacteria	Bacteria
Leaf337	Arthrobacter	Micrococcaceae	Actinomycetales	Actinobacteria	Actinobacteria	Bacteria
Leaf339	Sphingomonas	Sphingomonadaceae	Sphingomonadales	Alphaproteobacteria	Proteobacteria	Bacteria
Leaf341	Rhizobium	Rhizobiaceae	Rhizobiales	Alphaproteobacteria	Proteobacteria	Bacteria
Leaf343		Sphingomonadaceae	Sphingomonadales	Alphaproteobacteria	Proteobacteria	Bacteria
Leaf344	Methylobacterium	Methylobacteriaceae	Rhizobiales	Alphaproteobacteria	Proteobacteria	Bacteria
Leaf347		Microbacteriaceae	Actinomycetales	Actinobacteria	Actinobacteria	Bacteria
Leaf351		Microbacteriaceae	Actinomycetales	Actinobacteria	Actinobacteria	Bacteria
Leaf354	Gordonia	Gordoniaceae	Actinomycetales	Actinobacteria	Actinobacteria	Bacteria
Leaf357	Sphingomonas	Sphingomonadaceae	Sphingomonadales	Alphaproteobacteria	Proteobacteria	Bacteria
Leaf359	Flavobacterium	Flavobacteriaceae	Flavobacteriales	Flavobacteriia	Bacteroidetes	Bacteria
Leaf361	Methylobacterium	Methylobacteriaceae	Rhizobiales	Alphaproteobacteria	Proteobacteria	Bacteria
Leaf363	Brevundimonas	Caulobacteraceae	Caulobacterales	Alphaproteobacteria	Proteobacteria	Bacteria
Leaf369		Geodermatophilaceae	Actinomycetales	Actinobacteria	Actinobacteria	Bacteria
Leaf371	Rhizobium	Rhizobiaceae	Rhizobiales	Alphaproteobacteria	Proteobacteria	Bacteria
Leaf380		Geodermatophilaceae	Actinomycetales	Actinobacteria	Actinobacteria	Bacteria
Leaf383	Rhizobium	Rhizobiaceae	Rhizobiales	Alphaproteobacteria	Proteobacteria	Bacteria
Leaf384	Rhizobium	Rhizobiaceae	Rhizobiales	Alphaproteobacteria	Proteobacteria	Bacteria
Leaf386	Rhizobium	Rhizobiaceae	Rhizobiales	Alphaproteobacteria	Proteobacteria	Bacteria
Leaf391	Rhizobium	Rhizobiaceae	Rhizobiales	Alphaproteobacteria	Proteobacteria	Bacteria
Leaf394	Chryseobacterium	Flavobacteriaceae	Flavobacteriales	Flavobacteriia	Bacteroidetes	Bacteria
Leaf395	Cellulomonas	Cellulomonadaceae	Actinomycetales	Actinobacteria	Actinobacteria	Bacteria
Leaf396	Bradyrhizobium	Bradyrhizobiaceae	Rhizobiales	Alphaproteobacteria	Proteobacteria	Bacteria
Leaf399	Methylobacterium	Methylobacteriaceae	Rhizobiales	Alphaproteobacteria	Proteobacteria	Bacteria
Leaf400		Comamonadaceae	Burkholderiales	Betaproteobacteria	Proteobacteria	Bacteria
Leaf404	Chryseobacterium	Flavobacteriaceae	Flavobacteriales	Flavobacteriia	Bacteroidetes	Bacteria
Leaf405	Chryseobacterium	Flavobacteriaceae	Flavobacteriales	Flavobacteriia	Bacteroidetes	Bacteria
Leaf406	Bacillus	Bacillaceae	Bacillales	Bacilli	Firmicutes	Bacteria
Leaf407	Sphingomonas	Sphingomonadaceae	Sphingomonadales	Alphaproteobacteria	Proteobacteria	Bacteria
Leaf412	Sphingomonas	Sphingomonadaceae	Sphingomonadales	Alphaproteobacteria	Proteobacteria	Bacteria
Leaf414		Methylophilaceae	Methylophilales	Betaproteobacteria	Proteobacteria	Bacteria
Leaf415	Curtobacterium	Microbacteriaceae	Actinomycetales	Actinobacteria	Actinobacteria	Bacteria
Leaf416		Methylophilaceae	Methylophilales	Betaproteobacteria	Proteobacteria	Bacteria
Leaf420		Hyphomicrobiaceae	Rhizobiales	Alphaproteobacteria	Proteobacteria	Bacteria
Leaf427		Aurantimonadaceae	Rhizobiales	Alphaproteobacteria	Proteobacteria	Bacteria
Leaf434	Pseudomonas	Pseudomonadaceae	Pseudomonadales	Gammaproteobacteria	Proteobacteria	Bacteria
Leaf436	Microbacterium	Microbacteriaceae	Actinomycetales	Actinobacteria	Actinobacteria	Bacteria
Leaf443		Aurantimonadaceae	Rhizobiales	Alphaproteobacteria	Proteobacteria	Bacteria
Leaf446	Nocardioides	Nocardioidaceae	Actinomycetales	Actinobacteria	Actinobacteria	Bacteria
Leaf453	Rhizobium	Rhizobiaceae	Rhizobiales	Alphaproteobacteria	Proteobacteria	Bacteria
Leaf454		Aurantimonadaceae	Rhizobiales	Alphaproteobacteria	Proteobacteria	Bacteria
Leaf456	Methylobacterium	Methylobacteriaceae	Rhizobiales	Alphaproteobacteria	Proteobacteria	Bacteria
Leaf459		Methylophilaceae	Methylophilales	Betaproteobacteria	Proteobacteria	Bacteria
Leaf460		Aurantimonadaceae	Rhizobiales	Alphaproteobacteria	Proteobacteria	Bacteria
Leaf465	Methylobacterium	Methylobacteriaceae	Rhizobiales	Alphaproteobacteria	Proteobacteria	Bacteria
Leaf466	Methylobacterium	Methylobacteriaceae	Rhizobiales	Alphaproteobacteria	Proteobacteria	Bacteria
Leaf469	Methylobacterium	Methylobacteriaceae	Rhizobiales	Alphaproteobacteria	Proteobacteria	Bacteria
Root4	Agromyces	Microbacteriaceae	Actinomycetales	Actinobacteria	Actinobacteria	Bacteria
Root9	Pseudomonas	Pseudomonadaceae	Pseudomonadales	Gammaproteobacteria	Proteobacteria	Bacteria
Root11	Bacillus	Bacillaceae	Bacillales	Bacilli	Firmicutes	Bacteria
Root22		Promicromonosporaceae	Actinomycetales	Actinobacteria	Actinobacteria	Bacteria
Root29		Comamonadaceae	Burkholderiales	Betaproteobacteria	Proteobacteria	Bacteria
Root31	Sinorhizobium	Rhizobiaceae	Rhizobiales	Alphaproteobacteria	Proteobacteria	Bacteria
Root50	Sphingomonas	Sphingomonadaceae	Sphingomonadales	Alphaproteobacteria	Proteobacteria	Bacteria
Root52	Paenibacillus	Paenibacillaceae	Bacillales	Bacilli	Firmicutes	Bacteria
Root53	Microbacterium	Microbacteriaceae	Actinomycetales	Actinobacteria	Actinobacteria	Bacteria
Root55	Streptomyces	Streptomycetaceae	Actinomycetales	Actinobacteria	Actinobacteria	Bacteria
Root60		Microbacteriaceae	Actinomycetales	Actinobacteria	Actinobacteria	Bacteria
Root61	Microbacterium	Microbacteriaceae	Actinomycetales	Actinobacteria	Actinobacteria	Bacteria
Root63	Streptomyces	Streptomycetaceae	Actinomycetales	Actinobacteria	Actinobacteria	Bacteria
Root65	Pseudoxanthomonas	Xanthomonadaceae	Xanthomonadales	Gammaproteobacteria	Proteobacteria	Bacteria
Root68	Pseudomonas	Pseudomonadaceae	Pseudomonadales	Gammaproteobacteria	Proteobacteria	Bacteria
Root70	Acidovorax	Comamonadaceae	Burkholderiales	Betaproteobacteria	Proteobacteria	Bacteria
Root71	Pseudomonas	Pseudomonadaceae	Pseudomonadales	Gammaproteobacteria	Proteobacteria	Bacteria
Root73	Rhizobium	Rhizobiaceae	Rhizobiales	Alphaproteobacteria	Proteobacteria	Bacteria
Root74	Sinorhizobium	Rhizobiaceae	Rhizobiales	Alphaproteobacteria	Proteobacteria	Bacteria
Root76		Xanthomonadaceae	Xanthomonadales	Gammaproteobacteria	Proteobacteria	Bacteria
Root77		Caulobacteraceae	Caulobacterales	Alphaproteobacteria	Proteobacteria	Bacteria
Root79	Nocardioides	Nocardioidaceae	Actinomycetales	Actinobacteria	Actinobacteria	Bacteria
Root81	Agromyces	Microbacteriaceae	Actinomycetales	Actinobacteria	Actinobacteria	Bacteria
Root83	Achromobacter	Alcaligenaceae	Burkholderiales	Betaproteobacteria	Proteobacteria	Bacteria
Root85		Intrasporangiaceae	Actinomycetales	Actinobacteria	Actinobacteria	Bacteria
Root96		Xanthomonadaceae	Xanthomonadales	Gammaproteobacteria	Proteobacteria	Bacteria
Root100		Phyllobacteriaceae	Rhizobiales	Alphaproteobacteria	Proteobacteria	Bacteria
Root101	Janibacter	Intrasporangiaceae	Actinomycetales	Actinobacteria	Actinobacteria	Bacteria
Root102	Mesorhizobium	Phyllobacteriaceae	Rhizobiales	Alphaproteobacteria	Proteobacteria	Bacteria
Root105		Hyphomicrobiaceae	Rhizobiales	Alphaproteobacteria	Proteobacteria	Bacteria
Root107		Streptomycetaceae	Actinomycetales	Actinobacteria	Actinobacteria	Bacteria
Root122	Nocardioides	Nocardioidaceae	Actinomycetales	Actinobacteria	Actinobacteria	Bacteria
Root127	Sinorhizobium	Rhizobiaceae	Rhizobiales	Alphaproteobacteria	Proteobacteria	Bacteria
Root131	Bacillus	Bacillaceae	Bacillales	Bacilli	Firmicutes	Bacteria
Root133	Massilia	Oxalobacteraceae	Burkholderiales	Betaproteobacteria	Proteobacteria	Bacteria
Root135	Mycobacterium	Mycobacteriaceae	Actinomycetales	Actinobacteria	Actinobacteria	Bacteria
Root136	Nocardia	Nocardiaceae	Actinomycetales	Actinobacteria	Actinobacteria	Bacteria
Root137	Cellulomonas	Cellulomonadaceae	Actinomycetales	Actinobacteria	Actinobacteria	Bacteria
Root140	Nocardioides	Nocardioidaceae	Actinomycetales	Actinobacteria	Actinobacteria	Bacteria
Root142	Sinorhizobium	Rhizobiaceae	Rhizobiales	Alphaproteobacteria	Proteobacteria	Bacteria
Root147		Bacillaceae	Bacillales	Bacilli	Firmicutes	Bacteria
Root149	Rhizobium	Rhizobiaceae	Rhizobiales	Alphaproteobacteria	Proteobacteria	Bacteria
Root151	Nocardioides	Nocardioidaceae	Actinomycetales	Actinobacteria	Actinobacteria	Bacteria
Root154		Sphingomonadaceae	Sphingomonadales	Alphaproteobacteria	Proteobacteria	Bacteria
Root157	Mesorhizobium	Phyllobacteriaceae	Rhizobiales	Alphaproteobacteria	Proteobacteria	Bacteria
Root166	Microbacterium	Microbacteriaceae	Actinomycetales	Actinobacteria	Actinobacteria	Bacteria
Root170	Achromobacter	Alcaligenaceae	Burkholderiales	Betaproteobacteria	Proteobacteria	Bacteria
Root172	Mesorhizobium	Phyllobacteriaceae	Rhizobiales	Alphaproteobacteria	Proteobacteria	Bacteria
Root179	Rhodanobacter	Xanthomonadaceae	Xanthomonadales	Gammaproteobacteria	Proteobacteria	Bacteria
Root180		Microbacteriaceae	Actinomycetales	Actinobacteria	Actinobacteria	Bacteria
Root181		Intrasporangiaceae	Actinomycetales	Actinobacteria	Actinobacteria	Bacteria
Root186	Flavobacterium	Flavobacteriaceae	Flavobacteriales	Flavobacteriia	Bacteroidetes	Bacteria
Root187		Streptomycetaceae	Actinomycetales	Actinobacteria	Actinobacteria	Bacteria
Root189	Herbaspirillum	Oxalobacteraceae	Burkholderiales	Betaproteobacteria	Proteobacteria	Bacteria
Root190	Nocardioides	Nocardioidaceae	Actinomycetales	Actinobacteria	Actinobacteria	Bacteria
Root209		Comamonadaceae	Burkholderiales	Betaproteobacteria	Proteobacteria	Bacteria
Root214	Sphingopyxis	Sphingomonadaceae	Sphingomonadales	Alphaproteobacteria	Proteobacteria	Bacteria
Root217	Acidovorax	Comamonadaceae	Burkholderiales	Betaproteobacteria	Proteobacteria	Bacteria
Root219	Acidovorax	Comamonadaceae	Burkholderiales	Betaproteobacteria	Proteobacteria	Bacteria
Root224	Nocardioides	Nocardioidaceae	Actinomycetales	Actinobacteria	Actinobacteria	Bacteria
Root227		Microbacteriaceae	Actinomycetales	Actinobacteria	Actinobacteria	Bacteria
Root231	Sinorhizobium	Rhizobiaceae	Rhizobiales	Alphaproteobacteria	Proteobacteria	Bacteria
Root236	Aeromicrobium	Nocardioidaceae	Actinomycetales	Actinobacteria	Actinobacteria	Bacteria
Root239	Bacillus	Bacillaceae	Bacillales	Bacilli	Firmicutes	Bacteria
Root240	Nocardioides	Nocardioidaceae	Actinomycetales	Actinobacteria	Actinobacteria	Bacteria
Root241	Sphingomonas	Sphingomonadaceae	Sphingomonadales	Alphaproteobacteria	Proteobacteria	Bacteria
Root258	Sinorhizobium	Rhizobiaceae	Rhizobiales	Alphaproteobacteria	Proteobacteria	Bacteria
Root264	Streptomyces	Streptomycetaceae	Actinomycetales	Actinobacteria	Actinobacteria	Bacteria
Root265	Mycobacterium	Mycobacteriaceae	Actinomycetales	Actinobacteria	Actinobacteria	Bacteria
Root267	Acidovorax	Comamonadaceae	Burkholderiales	Betaproteobacteria	Proteobacteria	Bacteria
Root268	Rhizobium	Rhizobiaceae	Rhizobiales	Alphaproteobacteria	Proteobacteria	Bacteria
Root274		Rhizobiaceae	Rhizobiales	Alphaproteobacteria	Proteobacteria	Bacteria
Root275	Acidovorax	Comamonadaceae	Burkholderiales	Betaproteobacteria	Proteobacteria	Bacteria
Root278	Sinorhizobium	Rhizobiaceae	Rhizobiales	Alphaproteobacteria	Proteobacteria	Bacteria
Root322	Microbacterium	Microbacteriaceae	Actinomycetales	Actinobacteria	Actinobacteria	Bacteria
Root329	Pseudomonas	Pseudomonadaceae	Pseudomonadales	Gammaproteobacteria	Proteobacteria	Bacteria
Root332		Microbacteriaceae	Actinomycetales	Actinobacteria	Actinobacteria	Bacteria
Root335	Massilia	Oxalobacteraceae	Burkholderiales	Betaproteobacteria	Proteobacteria	Bacteria
Root342	Caulobacter	Caulobacteraceae	Caulobacterales	Alphaproteobacteria	Proteobacteria	Bacteria
Root343	Caulobacter	Caulobacteraceae	Caulobacterales	Alphaproteobacteria	Proteobacteria	Bacteria
Root344	Aeromicrobium	Nocardioidaceae	Actinomycetales	Actinobacteria	Actinobacteria	Bacteria
Root351	Janthinobacterium	Oxalobacteraceae	Burkholderiales	Betaproteobacteria	Proteobacteria	Bacteria
Root369	Streptomyces	Streptomycetaceae	Actinomycetales	Actinobacteria	Actinobacteria	Bacteria
Root381	Bosea	Bradyrhizobiaceae	Rhizobiales	Alphaproteobacteria	Proteobacteria	Bacteria
Root401	Pseudomonas	Pseudomonadaceae	Pseudomonadales	Gammaproteobacteria	Proteobacteria	Bacteria
Root402	Acidovorax	Comamonadaceae	Burkholderiales	Betaproteobacteria	Proteobacteria	Bacteria
Root404		Comamonadaceae	Burkholderiales	Betaproteobacteria	Proteobacteria	Bacteria
Root405		Comamonadaceae	Burkholderiales	Betaproteobacteria	Proteobacteria	Bacteria
Root411	Variovorax	Comamonadaceae	Burkholderiales	Betaproteobacteria	Proteobacteria	Bacteria
Root418	Janthinobacterium	Oxalobacteraceae	Burkholderiales	Betaproteobacteria	Proteobacteria	Bacteria
Root420	Flavobacterium	Flavobacteriaceae	Flavobacteriales	Flavobacteriia	Bacteroidetes	Bacteria
Root423	Sinorhizobium	Rhizobiaceae	Rhizobiales	Alphaproteobacteria	Proteobacteria	Bacteria
Root431	Streptomyces	Streptomycetaceae	Actinomycetales	Actinobacteria	Actinobacteria	Bacteria
Root434	Variovorax	Comamonadaceae	Burkholderiales	Betaproteobacteria	Proteobacteria	Bacteria
Root436		Hyphomicrobiaceae	Rhizobiales	Alphaproteobacteria	Proteobacteria	Bacteria
Root456		Intrasporangiaceae	Actinomycetales	Actinobacteria	Actinobacteria	Bacteria
Root473	Variovorax	Comamonadaceae	Burkholderiales	Betaproteobacteria	Proteobacteria	Bacteria
Root480		Xanthomonadaceae	Xanthomonadales	Gammaproteobacteria	Proteobacteria	Bacteria
Root482	Rhizobium	Rhizobiaceae	Rhizobiales	Alphaproteobacteria	Proteobacteria	Bacteria
Root485	Cellulomonas	Cellulomonadaceae	Actinomycetales	Actinobacteria	Actinobacteria	Bacteria
Root491	Agrobacterium	Rhizobiaceae	Rhizobiales	Alphaproteobacteria	Proteobacteria	Bacteria
Root494		Xanthomonadaceae	Xanthomonadales	Gammaproteobacteria	Proteobacteria	Bacteria
Root495	Aeromicrobium	Nocardioidaceae	Actinomycetales	Actinobacteria	Actinobacteria	Bacteria
Root552	Mesorhizobium	Phyllobacteriaceae	Rhizobiales	Alphaproteobacteria	Proteobacteria	Bacteria
Root553		Microbacteriaceae	Actinomycetales	Actinobacteria	Actinobacteria	Bacteria
Root554	Mesorhizobium	Phyllobacteriaceae	Rhizobiales	Alphaproteobacteria	Proteobacteria	Bacteria
Root558	Sinorhizobium	Rhizobiaceae	Rhizobiales	Alphaproteobacteria	Proteobacteria	Bacteria
Root559		Xanthomonadaceae	Xanthomonadales	Gammaproteobacteria	Proteobacteria	Bacteria
Root561	Rhodanobacter	Xanthomonadaceae	Xanthomonadales	Gammaproteobacteria	Proteobacteria	Bacteria
Root562	Pseudomonas	Pseudomonadaceae	Pseudomonadales	Gammaproteobacteria	Proteobacteria	Bacteria
Root563	Janibacter	Intrasporangiaceae	Actinomycetales	Actinobacteria	Actinobacteria	Bacteria
Root564	Agrobacterium	Rhizobiaceae	Rhizobiales	Alphaproteobacteria	Proteobacteria	Bacteria
Root565	Achromobacter	Alcaligenaceae	Burkholderiales	Betaproteobacteria	Proteobacteria	Bacteria
Root568		Comamonadaceae	Burkholderiales	Betaproteobacteria	Proteobacteria	Bacteria
Root569	Pseudomonas	Pseudomonadaceae	Pseudomonadales	Gammaproteobacteria	Proteobacteria	Bacteria
Root604		Xanthomonadaceae	Xanthomonadales	Gammaproteobacteria	Proteobacteria	Bacteria
Root608	Brevundimonas	Caulobacteraceae	Caulobacterales	Alphaproteobacteria	Proteobacteria	Bacteria
Root614		Nocardioidaceae	Actinomycetales	Actinobacteria	Actinobacteria	Bacteria
Root627	Rhodanobacter	Xanthomonadaceae	Xanthomonadales	Gammaproteobacteria	Proteobacteria	Bacteria
Root630	Pseudoxanthomonas	Xanthomonadaceae	Xanthomonadales	Gammaproteobacteria	Proteobacteria	Bacteria
Root635		Hyphomicrobiaceae	Rhizobiales	Alphaproteobacteria	Proteobacteria	Bacteria
Root651	Agrobacterium	Rhizobiaceae	Rhizobiales	Alphaproteobacteria	Proteobacteria	Bacteria
Root655	Caulobacter	Caulobacteraceae	Caulobacterales	Alphaproteobacteria	Proteobacteria	Bacteria
Root656	Caulobacter	Caulobacteraceae	Caulobacterales	Alphaproteobacteria	Proteobacteria	Bacteria
Root662		Comamonadaceae	Burkholderiales	Betaproteobacteria	Proteobacteria	Bacteria
Root667		Xanthomonadaceae	Xanthomonadales	Gammaproteobacteria	Proteobacteria	Bacteria
Root670	Bosea	Bradyrhizobiaceae	Rhizobiales	Alphaproteobacteria	Proteobacteria	Bacteria
Root672	Novosphingobium	Sphingomonadaceae	Sphingomonadales	Alphaproteobacteria	Proteobacteria	Bacteria
Root682		Nocardioidaceae	Actinomycetales	Actinobacteria	Actinobacteria	Bacteria
Root685		Hyphomicrobiaceae	Rhizobiales	Alphaproteobacteria	Proteobacteria	Bacteria
Root690		Xanthomonadaceae	Xanthomonadales	Gammaproteobacteria	Proteobacteria	Bacteria
Root695	Mesorhizobium	Phyllobacteriaceae	Rhizobiales	Alphaproteobacteria	Proteobacteria	Bacteria
Root700		Caulobacteraceae	Caulobacterales	Alphaproteobacteria	Proteobacteria	Bacteria
Root708	Rhizobium	Rhizobiaceae	Rhizobiales	Alphaproteobacteria	Proteobacteria	Bacteria
Root710	Sphingomonas	Sphingomonadaceae	Sphingomonadales	Alphaproteobacteria	Proteobacteria	Bacteria
Root720	Sphingomonas	Sphingomonadaceae	Sphingomonadales	Alphaproteobacteria	Proteobacteria	Bacteria
Root901	Flavobacterium	Flavobacteriaceae	Flavobacteriales	Flavobacteriia	Bacteroidetes	Bacteria
Root916		Xanthomonadaceae	Xanthomonadales	Gammaproteobacteria	Proteobacteria	Bacteria
Root918		Promicromonosporaceae	Actinomycetales	Actinobacteria	Actinobacteria	Bacteria
Root920	Bacillus	Bacillaceae	Bacillales	Bacilli	Firmicutes	Bacteria
Root930		Cellulomonadaceae	Actinomycetales	Actinobacteria	Actinobacteria	Bacteria
Root935	Flavobacterium	Flavobacteriaceae	Flavobacteriales	Flavobacteriia	Bacteroidetes	Bacteria
Root954	Rhizobium	Rhizobiaceae	Rhizobiales	Alphaproteobacteria	Proteobacteria	Bacteria
Root983		Xanthomonadaceae	Xanthomonadales	Gammaproteobacteria	Proteobacteria	Bacteria
Root1203	Rhizobium	Rhizobiaceae	Rhizobiales	Alphaproteobacteria	Proteobacteria	Bacteria
Root1204	Rhizobium	Rhizobiaceae	Rhizobiales	Alphaproteobacteria	Proteobacteria	Bacteria
Root1212	Rhizobium	Rhizobiaceae	Rhizobiales	Alphaproteobacteria	Proteobacteria	Bacteria
Root1217		Comamonadaceae	Burkholderiales	Betaproteobacteria	Proteobacteria	Bacteria
Root1220	Rhizobium	Rhizobiaceae	Rhizobiales	Alphaproteobacteria	Proteobacteria	Bacteria
Root1221		Comamonadaceae	Burkholderiales	Betaproteobacteria	Proteobacteria	Bacteria
Root1237		Comamonadaceae	Burkholderiales	Betaproteobacteria	Proteobacteria	Bacteria
Root1238		Comamonadaceae	Burkholderiales	Betaproteobacteria	Proteobacteria	Bacteria
Root1240	Agrobacterium	Rhizobiaceae	Rhizobiales	Alphaproteobacteria	Proteobacteria	Bacteria
Root1252	Sinorhizobium	Rhizobiaceae	Rhizobiales	Alphaproteobacteria	Proteobacteria	Bacteria
Root1257	Nocardioides	Nocardioidaceae	Actinomycetales	Actinobacteria	Actinobacteria	Bacteria
Root1272		Comamonadaceae	Burkholderiales	Betaproteobacteria	Proteobacteria	Bacteria
Root1277		Caulobacteraceae	Caulobacterales	Alphaproteobacteria	Proteobacteria	Bacteria
Root1279	Brevundimonas	Caulobacteraceae	Caulobacterales	Alphaproteobacteria	Proteobacteria	Bacteria
Root1280	Acinetobacter	Moraxellaceae	Pseudomonadales	Gammaproteobacteria	Proteobacteria	Bacteria
Root1290		Caulobacteraceae	Caulobacterales	Alphaproteobacteria	Proteobacteria	Bacteria
Root1293		Microbacteriaceae	Actinomycetales	Actinobacteria	Actinobacteria	Bacteria
Root1294	Sphingomonas	Sphingomonadaceae	Sphingomonadales	Alphaproteobacteria	Proteobacteria	Bacteria
Root1295	Streptomyces	Streptomycetaceae	Actinomycetales	Actinobacteria	Actinobacteria	Bacteria
Root1298	Rhizobium	Rhizobiaceae	Rhizobiales	Alphaproteobacteria	Proteobacteria	Bacteria
Root1304	Streptomyces	Streptomycetaceae	Actinomycetales	Actinobacteria	Actinobacteria	Bacteria
Root1310	Streptomyces	Streptomycetaceae	Actinomycetales	Actinobacteria	Actinobacteria	Bacteria
Root1312	Sinorhizobium	Rhizobiaceae	Rhizobiales	Alphaproteobacteria	Proteobacteria	Bacteria
Root1319	Streptomyces	Streptomycetaceae	Actinomycetales	Actinobacteria	Actinobacteria	Bacteria
Root1334	Rhizobium	Rhizobiaceae	Rhizobiales	Alphaproteobacteria	Proteobacteria	Bacteria
Root1423	Brevundimonas	Caulobacteraceae	Caulobacterales	Alphaproteobacteria	Proteobacteria	Bacteria
Root1444		Comamonadaceae	Burkholderiales	Betaproteobacteria	Proteobacteria	Bacteria
Root1455	Caulobacter	Caulobacteraceae	Caulobacterales	Alphaproteobacteria	Proteobacteria	Bacteria
Root1462		Bradyrhizobiaceae	Rhizobiales	Alphaproteobacteria	Proteobacteria	Bacteria
Root1464	Agromyces	Microbacteriaceae	Actinomycetales	Actinobacteria	Actinobacteria	Bacteria
Root1471	Mesorhizobium	Phyllobacteriaceae	Rhizobiales	Alphaproteobacteria	Proteobacteria	Bacteria
Root1472	Caulobacter	Caulobacteraceae	Caulobacterales	Alphaproteobacteria	Proteobacteria	Bacteria
Root1485	Massilia	Oxalobacteraceae	Burkholderiales	Betaproteobacteria	Proteobacteria	Bacteria
Root1497	Sphingopyxis	Sphingomonadaceae	Sphingomonadales	Alphaproteobacteria	Proteobacteria	Bacteria
Root112D2		Microbacteriaceae	Actinomycetales	Actinobacteria	Actinobacteria	Bacteria
Root123D2	Afipia	Bradyrhizobiaceae	Rhizobiales	Alphaproteobacteria	Proteobacteria	Bacteria
Root1433D1	Microbacterium	Microbacteriaceae	Actinomycetales	Actinobacteria	Actinobacteria	Bacteria
Root1480D1		Oxalobacteraceae	Burkholderiales	Betaproteobacteria	Proteobacteria	Bacteria
Root16D2		Comamonadaceae	Burkholderiales	Betaproteobacteria	Proteobacteria	Bacteria
Root198D2		Oxalobacteraceae	Burkholderiales	Betaproteobacteria	Proteobacteria	Bacteria
Root280D1	Microbacterium	Microbacteriaceae	Actinomycetales	Actinobacteria	Actinobacteria	Bacteria
Root318D1	Variovorax	Comamonadaceae	Burkholderiales	Betaproteobacteria	Proteobacteria	Bacteria
Root336D2		Oxalobacteraceae	Burkholderiales	Betaproteobacteria	Proteobacteria	Bacteria
Root413D1		Hyphomicrobiaceae	Rhizobiales	Alphaproteobacteria	Proteobacteria	Bacteria
Root444D2	Paenibacillus	Paenibacillaceae	Bacillales	Bacilli	Firmicutes	Bacteria
Root472D3		Nocardioidaceae	Actinomycetales	Actinobacteria	Actinobacteria	Bacteria
Root483D1	Bosea	Bradyrhizobiaceae	Rhizobiales	Alphaproteobacteria	Proteobacteria	Bacteria
Root483D2	Rhizobium	Rhizobiaceae	Rhizobiales	Alphaproteobacteria	Proteobacteria	Bacteria
Root487D2Y	Caulobacter	Caulobacteraceae	Caulobacterales	Alphaproteobacteria	Proteobacteria	Bacteria
Root66D1	Streptomyces	Streptomycetaceae	Actinomycetales	Actinobacteria	Actinobacteria	Bacteria
Soil522	Paenibacillus	Paenibacillaceae	Bacillales	Bacilli	Firmicutes	Bacteria
Soil531	Bacillus	Bacillaceae	Bacillales	Bacilli	Firmicutes	Bacteria
Soil535	Agromyces	Microbacteriaceae	Actinomycetales	Actinobacteria	Actinobacteria	Bacteria
Soil538	Mycobacterium	Mycobacteriaceae	Actinomycetales	Actinobacteria	Actinobacteria	Bacteria
Soil728	Janibacter	Intrasporangiaceae	Actinomycetales	Actinobacteria	Actinobacteria	Bacteria
Soil729		Intrasporangiaceae	Actinomycetales	Actinobacteria	Actinobacteria	Bacteria
Soil736	Arthrobacter	Micrococcaceae	Actinomycetales	Actinobacteria	Actinobacteria	Bacteria
Soil745	Bacillus	Bacillaceae	Bacillales	Bacilli	Firmicutes	Bacteria
Soil748	Janibacter	Intrasporangiaceae	Actinomycetales	Actinobacteria	Actinobacteria	Bacteria
Soil750	Paenibacillus	Paenibacillaceae	Bacillales	Bacilli	Firmicutes	Bacteria
Soil756	Janibacter	Intrasporangiaceae	Actinomycetales	Actinobacteria	Actinobacteria	Bacteria
Soil761	Arthrobacter	Micrococcaceae	Actinomycetales	Actinobacteria	Actinobacteria	Bacteria
Soil762	Arthrobacter	Micrococcaceae	Actinomycetales	Actinobacteria	Actinobacteria	Bacteria
Soil763	Arthrobacter	Micrococcaceae	Actinomycetales	Actinobacteria	Actinobacteria	Bacteria
Soil764	Arthrobacter	Micrococcaceae	Actinomycetales	Actinobacteria	Actinobacteria	Bacteria
Soil766	Paenibacillus	Paenibacillaceae	Bacillales	Bacilli	Firmicutes	Bacteria
Soil772	Rhodanobacter	Xanthomonadaceae	Xanthomonadales	Gammaproteobacteria	Proteobacteria	Bacteria
Soil773	Rhodanobacter	Xanthomonadaceae	Xanthomonadales	Gammaproteobacteria	Proteobacteria	Bacteria
Soil774	Nocardioides	Nocardioidaceae	Actinomycetales	Actinobacteria	Actinobacteria	Bacteria
Soil777	Nocardioides	Nocardioidaceae	Actinomycetales	Actinobacteria	Actinobacteria	Bacteria
Soil782	Arthrobacter	Micrococcaceae	Actinomycetales	Actinobacteria	Actinobacteria	Bacteria
Soil787	Paenibacillus	Paenibacillaceae	Bacillales	Bacilli	Firmicutes	Bacteria
Soil796	Nocardioides	Nocardioidaceae	Actinomycetales	Actinobacteria	Actinobacteria	Bacteria
Soil797	Nocardioides	Nocardioidaceae	Actinomycetales	Actinobacteria	Actinobacteria	Bacteria
Soil802	Janibacter	Intrasporangiaceae	Actinomycetales	Actinobacteria	Actinobacteria	Bacteria
Soil803	Janibacter	Intrasporangiaceae	Actinomycetales	Actinobacteria	Actinobacteria	Bacteria
Soil805	Nocardioides	Nocardioidaceae	Actinomycetales	Actinobacteria	Actinobacteria	Bacteria
Soil809		Microbacteriaceae	Actinomycetales	Actinobacteria	Actinobacteria	Bacteria
Soil810		Intrasporangiaceae	Actinomycetales	Actinobacteria	Actinobacteria	Bacteria
Soil811		Intrasporangiaceae	Actinomycetales	Actinobacteria	Actinobacteria	Bacteria
Soil724D2	Paenibacillus	Paenibacillaceae	Bacillales	Bacilli	Firmicutes	Bacteria
Soil768D1	Bacillus	Bacillaceae	Bacillales	Bacilli	Firmicutes	Bacteria
LjNodule209	Mesorhizobium	Phyllobacteriaceae	Rhizobiales	Alphaproteobacteria	Proteobacteria	Bacteria
LjNodule210	Mesorhizobium	Phyllobacteriaceae	Rhizobiales	Alphaproteobacteria	Proteobacteria	Bacteria
LjNodule211	Mesorhizobium	Phyllobacteriaceae	Rhizobiales	Alphaproteobacteria	Proteobacteria	Bacteria
LjNodule212	Mesorhizobium	Phyllobacteriaceae	Rhizobiales	Alphaproteobacteria	Proteobacteria	Bacteria
LjNodule213	Mesorhizobium	Phyllobacteriaceae	Rhizobiales	Alphaproteobacteria	Proteobacteria	Bacteria
LjNodule214	Mesorhizobium	Phyllobacteriaceae	Rhizobiales	Alphaproteobacteria	Proteobacteria	Bacteria
LjNodule215	Mesorhizobium	Phyllobacteriaceae	Rhizobiales	Alphaproteobacteria	Proteobacteria	Bacteria
LjNodule217	Mesorhizobium	Phyllobacteriaceae	Rhizobiales	Alphaproteobacteria	Proteobacteria	Bacteria
LjNodule218	Mesorhizobium	Phyllobacteriaceae	Rhizobiales	Alphaproteobacteria	Proteobacteria	Bacteria
LjRoot1	Achromobacter	Alcaligenaceae	Burkholderiales	Betaproteobacteria	Proteobacteria	Bacteria
LjRoot2	Shinella	Rhizobiaceae	Rhizobiales	Alphaproteobacteria	Proteobacteria	Bacteria
LjRoot3	Devosia	Hyphomicrobiaceae	Rhizobiales	Alphaproteobacteria	Proteobacteria	Bacteria
LjRoot4	Bosea	Bradyrhizobiaceae	Rhizobiales	Alphaproteobacteria	Proteobacteria	Bacteria
LjRoot5	Bacillus	Bacillaceae	Bacillales	Bacilli	Firmicutes	Bacteria
LjRoot6	Pseudomonas	Pseudomonadaceae	Pseudomonadales	Gammaproteobacteria	Proteobacteria	Bacteria
LjRoot7	Aminobacter	Phyllobacteriaceae	Rhizobiales	Alphaproteobacteria	Proteobacteria	Bacteria
LjRoot8	Agromyces	Microbacteriaceae	Actinomycetales	Actinobacteria	Actinobacteria	Bacteria
LjRoot9	Bosea	Bradyrhizobiaceae	Rhizobiales	Alphaproteobacteria	Proteobacteria	Bacteria
LjRoot10	Ensifer	Rhizobiaceae	Rhizobiales	Alphaproteobacteria	Proteobacteria	Bacteria
LjRoot11	Rhizobium	Rhizobiaceae	Rhizobiales	Alphaproteobacteria	Proteobacteria	Bacteria
LjRoot12	Microbacterium	Microbacteriaceae	Actinomycetales	Actinobacteria	Actinobacteria	Bacteria
LjRoot13	Pseudarthrobacter	Micrococcaceae	Actinomycetales	Actinobacteria	Actinobacteria	Bacteria
LjRoot14	Arthrobacter	Micrococcaceae	Actinomycetales	Actinobacteria	Actinobacteria	Bacteria
LjRoot15	Bacillus	Bacillaceae	Bacillales	Bacilli	Firmicutes	Bacteria
LjRoot16	Devosia	Hyphomicrobiaceae	Rhizobiales	Alphaproteobacteria	Proteobacteria	Bacteria
LjRoot17	Brevundimonas	Caulobacteraceae	Caulobacterales	Alphaproteobacteria	Proteobacteria	Bacteria
LjRoot18	Dyella	Xanthomonadaceae	Xanthomonadales	Gammaproteobacteria	Proteobacteria	Bacteria
LjRoot19	Microbacterium	Microbacteriaceae	Actinomycetales	Actinobacteria	Actinobacteria	Bacteria
LjRoot20	Acidovorax	Comamonadaceae	Burkholderiales	Betaproteobacteria	Proteobacteria	Bacteria
LjRoot21	Pseudoxanthomonas	Xanthomonadaceae	Xanthomonadales	Gammaproteobacteria	Proteobacteria	Bacteria
LjRoot22	Burkholderia	Burkholderiaceae	Burkholderiales	Betaproteobacteria	Proteobacteria	Bacteria
LjRoot23	Bosea	Bradyrhizobiaceae	Rhizobiales	Alphaproteobacteria	Proteobacteria	Bacteria
LjRoot24		Intrasporangiaceae	Actinomycetales	Actinobacteria	Actinobacteria	Bacteria
LjRoot25	Herbaspirillum	Oxalobacteraceae	Burkholderiales	Betaproteobacteria	Proteobacteria	Bacteria
LjRoot26	Pseudorhodoferax	Comamonadaceae	Burkholderiales	Betaproteobacteria	Proteobacteria	Bacteria
LjRoot27		Intrasporangiaceae	Actinomycetales	Actinobacteria	Actinobacteria	Bacteria
LjRoot28		Comamonadaceae	Burkholderiales	Betaproteobacteria	Proteobacteria	Bacteria
LjRoot29	Burkholderia	Burkholderiaceae	Burkholderiales	Betaproteobacteria	Proteobacteria	Bacteria
LjRoot30	Rhizobium	Rhizobiaceae	Rhizobiales	Alphaproteobacteria	Proteobacteria	Bacteria
LjRoot31	Burkholderia	Burkholderiaceae	Burkholderiales	Betaproteobacteria	Proteobacteria	Bacteria
LjRoot32	Herbaspirillum	Oxalobacteraceae	Burkholderiales	Betaproteobacteria	Proteobacteria	Bacteria
LjRoot33	Herbaspirillum	Oxalobacteraceae	Burkholderiales	Betaproteobacteria	Proteobacteria	Bacteria
LjRoot34	Burkholderia	Burkholderiaceae	Burkholderiales	Betaproteobacteria	Proteobacteria	Bacteria
LjRoot35	Herbaspirillum	Oxalobacteraceae	Burkholderiales	Betaproteobacteria	Proteobacteria	Bacteria
LjRoot36	Herbaspirillum	Oxalobacteraceae	Burkholderiales	Betaproteobacteria	Proteobacteria	Bacteria
LjRoot37	Acidovorax	Comamonadaceae	Burkholderiales	Betaproteobacteria	Proteobacteria	Bacteria
LjRoot38	Acidovorax	Comamonadaceae	Burkholderiales	Betaproteobacteria	Proteobacteria	Bacteria
LjRoot39	Pseudorhodoferax	Comamonadaceae	Burkholderiales	Betaproteobacteria	Proteobacteria	Bacteria
LjRoot40	Pseudorhodoferax	Comamonadaceae	Burkholderiales	Betaproteobacteria	Proteobacteria	Bacteria
LjRoot41	Pseudorhodoferax	Comamonadaceae	Burkholderiales	Betaproteobacteria	Proteobacteria	Bacteria
LjRoot42	Microbacterium	Microbacteriaceae	Actinomycetales	Actinobacteria	Actinobacteria	Bacteria
LjRoot43	Pseudomonas	Pseudomonadaceae	Pseudomonadales	Gammaproteobacteria	Proteobacteria	Bacteria
LjRoot44	Microbacterium	Microbacteriaceae	Actinomycetales	Actinobacteria	Actinobacteria	Bacteria
LjRoot45	Microbacterium	Microbacteriaceae	Actinomycetales	Actinobacteria	Actinobacteria	Bacteria
LjRoot46	Shinella	Rhizobiaceae	Rhizobiales	Alphaproteobacteria	Proteobacteria	Bacteria
LjRoot47		Intrasporangiaceae	Actinomycetales	Actinobacteria	Actinobacteria	Bacteria
LjRoot48		Intrasporangiaceae	Actinomycetales	Actinobacteria	Actinobacteria	Bacteria
LjRoot49		Intrasporangiaceae	Actinomycetales	Actinobacteria	Actinobacteria	Bacteria
LjRoot50	Shinella	Rhizobiaceae	Rhizobiales	Alphaproteobacteria	Proteobacteria	Bacteria
LjRoot51	Shinella	Rhizobiaceae	Rhizobiales	Alphaproteobacteria	Proteobacteria	Bacteria
LjRoot52	Bosea	Bradyrhizobiaceae	Rhizobiales	Alphaproteobacteria	Proteobacteria	Bacteria
LjRoot53	Bacillus	Bacillaceae	Bacillales	Bacilli	Firmicutes	Bacteria
LjRoot54	Pseudomonas	Pseudomonadaceae	Pseudomonadales	Gammaproteobacteria	Proteobacteria	Bacteria
LjRoot55	Paenibacillus	Paenibacillaceae	Bacillales	Bacilli	Firmicutes	Bacteria
LjRoot56	Paenibacillus	Paenibacillaceae	Bacillales	Bacilli	Firmicutes	Bacteria
LjRoot57	Arthrobacter	Micrococcaceae	Actinomycetales	Actinobacteria	Actinobacteria	Bacteria
LjRoot58	Rhizobacter	Burkholderiaceae	Burkholderiales	Betaproteobacteria	Proteobacteria	Bacteria
LjRoot59	Pseudomonas	Pseudomonadaceae	Pseudomonadales	Gammaproteobacteria	Proteobacteria	Bacteria
LjRoot60	Pseudoxanthomonas	Xanthomonadaceae	Xanthomonadales	Gammaproteobacteria	Proteobacteria	Bacteria
LjRoot61	Variovorax	Comamonadaceae	Burkholderiales	Betaproteobacteria	Proteobacteria	Bacteria
LjRoot62	Variovorax	Comamonadaceae	Burkholderiales	Betaproteobacteria	Proteobacteria	Bacteria
LjRoot63	Pseudoxanthomonas	Xanthomonadaceae	Xanthomonadales	Gammaproteobacteria	Proteobacteria	Bacteria
LjRoot64	Pseudoxanthomonas	Xanthomonadaceae	Xanthomonadales	Gammaproteobacteria	Proteobacteria	Bacteria
LjRoot65	Acidovorax	Comamonadaceae	Burkholderiales	Betaproteobacteria	Proteobacteria	Bacteria
LjRoot66	Acidovorax	Comamonadaceae	Burkholderiales	Betaproteobacteria	Proteobacteria	Bacteria
LjRoot67	Acidovorax	Comamonadaceae	Burkholderiales	Betaproteobacteria	Proteobacteria	Bacteria
LjRoot68	Pseudoxanthomonas	Xanthomonadaceae	Xanthomonadales	Gammaproteobacteria	Proteobacteria	Bacteria
LjRoot69	Variovorax	Comamonadaceae	Burkholderiales	Betaproteobacteria	Proteobacteria	Bacteria
LjRoot70	Pseudoduganella	Oxalobacteraceae	Burkholderiales	Betaproteobacteria	Proteobacteria	Bacteria
LjRoot71	Pseudomonas	Pseudomonadaceae	Pseudomonadales	Gammaproteobacteria	Proteobacteria	Bacteria
LjRoot72	Acidovorax	Comamonadaceae	Burkholderiales	Betaproteobacteria	Proteobacteria	Bacteria
LjRoot73	Pseudoxanthomonas	Xanthomonadaceae	Xanthomonadales	Gammaproteobacteria	Proteobacteria	Bacteria
LjRoot74	Acidovorax	Comamonadaceae	Burkholderiales	Betaproteobacteria	Proteobacteria	Bacteria
LjRoot75	Acidovorax	Comamonadaceae	Burkholderiales	Betaproteobacteria	Proteobacteria	Bacteria
LjRoot76	Acidovorax	Comamonadaceae	Burkholderiales	Betaproteobacteria	Proteobacteria	Bacteria
LjRoot77	Pseudoxanthomonas	Xanthomonadaceae	Xanthomonadales	Gammaproteobacteria	Proteobacteria	Bacteria
LjRoot78	Arthrobacter	Micrococcaceae	Actinomycetales	Actinobacteria	Actinobacteria	Bacteria
LjRoot79	Acidovorax	Comamonadaceae	Burkholderiales	Betaproteobacteria	Proteobacteria	Bacteria
LjRoot80	Mycobacterium	Mycobacteriaceae	Actinomycetales	Actinobacteria	Actinobacteria	Bacteria
LjRoot81	Pseudomonas	Pseudomonadaceae	Pseudomonadales	Gammaproteobacteria	Proteobacteria	Bacteria
LjRoot82	Flavobacterium	Flavobacteriaceae	Flavobacteriales	Flavobacteriia	Bacteroidetes	Bacteria
LjRoot83	Variovorax	Comamonadaceae	Burkholderiales	Betaproteobacteria	Proteobacteria	Bacteria
LjRoot84	Variovorax	Comamonadaceae	Burkholderiales	Betaproteobacteria	Proteobacteria	Bacteria
LjRoot85	Variovorax	Comamonadaceae	Burkholderiales	Betaproteobacteria	Proteobacteria	Bacteria
LjRoot86	Acidovorax	Comamonadaceae	Burkholderiales	Betaproteobacteria	Proteobacteria	Bacteria
LjRoot87	Acidovorax	Comamonadaceae	Burkholderiales	Betaproteobacteria	Proteobacteria	Bacteria
LjRoot88	Acidovorax	Comamonadaceae	Burkholderiales	Betaproteobacteria	Proteobacteria	Bacteria
LjRoot89	Sphingopyxis	Sphingomonadaceae	Sphingomonadales	Alphaproteobacteria	Proteobacteria	Bacteria
LjRoot90	Bosea	Bradyrhizobiaceae	Rhizobiales	Alphaproteobacteria	Proteobacteria	Bacteria
LjRoot91	Pseudoduganella	Oxalobacteraceae	Burkholderiales	Betaproteobacteria	Proteobacteria	Bacteria
LjRoot92	Pseudomonas	Pseudomonadaceae	Pseudomonadales	Gammaproteobacteria	Proteobacteria	Bacteria
LjRoot93	Acidovorax	Comamonadaceae	Burkholderiales	Betaproteobacteria	Proteobacteria	Bacteria
LjRoot94	Acidovorax	Comamonadaceae	Burkholderiales	Betaproteobacteria	Proteobacteria	Bacteria
LjRoot95	Acidovorax	Comamonadaceae	Burkholderiales	Betaproteobacteria	Proteobacteria	Bacteria
LjRoot96	Acidovorax	Comamonadaceae	Burkholderiales	Betaproteobacteria	Proteobacteria	Bacteria
LjRoot97	Phenylobacterium	Caulobacteraceae	Caulobacterales	Alphaproteobacteria	Proteobacteria	Bacteria
LjRoot98	Rhizobium	Rhizobiaceae	Rhizobiales	Alphaproteobacteria	Proteobacteria	Bacteria
LjRoot99	Variovorax	Comamonadaceae	Burkholderiales	Betaproteobacteria	Proteobacteria	Bacteria
LjRoot100	Acidovorax	Comamonadaceae	Burkholderiales	Betaproteobacteria	Proteobacteria	Bacteria
LjRoot101	Phenylobacterium	Caulobacteraceae	Caulobacterales	Alphaproteobacteria	Proteobacteria	Bacteria
LjRoot102	Acidovorax	Comamonadaceae	Burkholderiales	Betaproteobacteria	Proteobacteria	Bacteria
LjRoot103	Acidovorax	Comamonadaceae	Burkholderiales	Betaproteobacteria	Proteobacteria	Bacteria
LjRoot104	Neorhizobium	Rhizobiaceae	Rhizobiales	Alphaproteobacteria	Proteobacteria	Bacteria
LjRoot105	Acidovorax	Comamonadaceae	Burkholderiales	Betaproteobacteria	Proteobacteria	Bacteria
LjRoot106	Acidovorax	Comamonadaceae	Burkholderiales	Betaproteobacteria	Proteobacteria	Bacteria
LjRoot107	Acidovorax	Comamonadaceae	Burkholderiales	Betaproteobacteria	Proteobacteria	Bacteria
LjRoot108						
LjRoot109	Acidovorax	Comamonadaceae	Burkholderiales	Betaproteobacteria	Proteobacteria	Bacteria
LjRoot110	Pseudomonas	Pseudomonadaceae	Pseudomonadales	Gammaproteobacteria	Proteobacteria	Bacteria
LjRoot111	Pseudomonas	Pseudomonadaceae	Pseudomonadales	Gammaproteobacteria	Proteobacteria	Bacteria
LjRoot112A	Acidovorax	Comamonadaceae	Burkholderiales	Alphaproteobacteria	Proteobacteria	Bacteria
LjRoot112B	Pseudomonas	Pseudomonadaceae	Pseudomonadales	Gammaproteobacteria	Proteobacteria	Bacteria
LjRoot113	Pseudomonas	Pseudomonadaceae	Pseudomonadales	Gammaproteobacteria	Proteobacteria	Bacteria
LjRoot114	Acidovorax	Comamonadaceae	Burkholderiales	Alphaproteobacteria	Proteobacteria	Bacteria
LjRoot115A	Acidovorax	Comamonadaceae	Burkholderiales	Alphaproteobacteria	Proteobacteria	Bacteria
LjRoot115B	Pseudomonas	Pseudomonadaceae	Pseudomonadales	Gammaproteobacteria	Proteobacteria	Bacteria
LjRoot116	Pseudomonas	Pseudomonadaceae	Pseudomonadales	Gammaproteobacteria	Proteobacteria	Bacteria
LjRoot117	Acidovorax	Comamonadaceae	Burkholderiales	Betaproteobacteria	Proteobacteria	Bacteria
LjRoot118	Acidovorax	Comamonadaceae	Burkholderiales	Betaproteobacteria	Proteobacteria	Bacteria
LjRoot119	Acidovorax	Comamonadaceae	Burkholderiales	Betaproteobacteria	Proteobacteria	Bacteria
LjRoot120	Acidovorax	Comamonadaceae	Burkholderiales	Betaproteobacteria	Proteobacteria	Bacteria
LjRoot121	Acidovorax	Comamonadaceae	Burkholderiales	Betaproteobacteria	Proteobacteria	Bacteria
LjRoot122	Massilia	Oxalobacteraceae	Burkholderiales	Betaproteobacteria	Proteobacteria	Bacteria
LjRoot123	Pseudomonas	Pseudomonadaceae	Pseudomonadales	Gammaproteobacteria	Proteobacteria	Bacteria
LjRoot124	Acidovorax	Comamonadaceae	Burkholderiales	Betaproteobacteria	Proteobacteria	Bacteria
LjRoot125	Pseudoxanthomonas	Xanthomonadaceae	Xanthomonadales	Gammaproteobacteria	Proteobacteria	Bacteria
LjRoot126	Variovorax	Comamonadaceae	Burkholderiales	Betaproteobacteria	Proteobacteria	Bacteria
LjRoot127	Variovorax	Comamonadaceae	Burkholderiales	Betaproteobacteria	Proteobacteria	Bacteria
LjRoot128	Acidovorax	Comamonadaceae	Burkholderiales	Betaproteobacteria	Proteobacteria	Bacteria
LjRoot129	Acidovorax	Comamonadaceae	Burkholderiales	Betaproteobacteria	Proteobacteria	Bacteria
LjRoot130	Variovorax	Comamonadaceae	Burkholderiales	Betaproteobacteria	Proteobacteria	Bacteria
LjRoot131	Polaromonas	Comamonadaceae	Burkholderiales	Betaproteobacteria	Proteobacteria	Bacteria
LjRoot132	Acidovorax	Comamonadaceae	Burkholderiales	Betaproteobacteria	Proteobacteria	Bacteria
LjRoot133	Acidovorax	Comamonadaceae	Burkholderiales	Betaproteobacteria	Proteobacteria	Bacteria
LjRoot134	Acidovorax	Comamonadaceae	Burkholderiales	Betaproteobacteria	Proteobacteria	Bacteria
LjRoot135	Acidovorax	Comamonadaceae	Burkholderiales	Betaproteobacteria	Proteobacteria	Bacteria
LjRoot136	Pseudomonas	Pseudomonadaceae	Pseudomonadales	Gammaproteobacteria	Proteobacteria	Bacteria
LjRoot137	Pseudomonas	Pseudomonadaceae	Pseudomonadales	Gammaproteobacteria	Proteobacteria	Bacteria
LjRoot138	Acidovorax	Comamonadaceae	Burkholderiales	Betaproteobacteria	Proteobacteria	Bacteria
LjRoot139	Variovorax	Comamonadaceae	Burkholderiales	Betaproteobacteria	Proteobacteria	Bacteria
LjRoot140	Acidovorax	Comamonadaceae	Burkholderiales	Betaproteobacteria	Proteobacteria	Bacteria
LjRoot141	Acidovorax	Comamonadaceae	Burkholderiales	Betaproteobacteria	Proteobacteria	Bacteria
LjRoot142	Bosea	Bradyrhizobiaceae	Rhizobiales	Alphaproteobacteria	Proteobacteria	Bacteria
LjRoot143	Pseudoxanthomonas	Xanthomonadaceae	Xanthomonadales	Gammaproteobacteria	Proteobacteria	Bacteria
LjRoot144	Acidovorax	Comamonadaceae	Burkholderiales	Betaproteobacteria	Proteobacteria	Bacteria
LjRoot145	Bosea	Bradyrhizobiaceae	Rhizobiales	Alphaproteobacteria	Proteobacteria	Bacteria
LjRoot146	Pseudoxanthomonas	Xanthomonadaceae	Xanthomonadales	Gammaproteobacteria	Proteobacteria	Bacteria
LjRoot147	Pseudomonas	Pseudomonadaceae	Pseudomonadales	Gammaproteobacteria	Proteobacteria	Bacteria
LjRoot148	Acidovorax	Comamonadaceae	Burkholderiales	Betaproteobacteria	Proteobacteria	Bacteria
LjRoot149	Flavobacterium	Flavobacteriaceae	Flavobacteriales	Flavobacteriia	Bacteroidetes	Bacteria
LjRoot150	Variovorax	Comamonadaceae	Burkholderiales	Betaproteobacteria	Proteobacteria	Bacteria
LjRoot151	Pseudomonas	Pseudomonadaceae	Pseudomonadales	Gammaproteobacteria	Proteobacteria	Bacteria
LjRoot152	Pseudomonas	Pseudomonadaceae	Pseudomonadales	Gammaproteobacteria	Proteobacteria	Bacteria
LjRoot153	Paenibacillus	Paenibacillaceae	Bacillales	Bacilli	Firmicutes	Bacteria
LjRoot154	Pseudomonas	Pseudomonadaceae	Pseudomonadales	Gammaproteobacteria	Proteobacteria	Bacteria
LjRoot155	Pseudoxanthomonas	Xanthomonadaceae	Xanthomonadales	Gammaproteobacteria	Proteobacteria	Bacteria
LjRoot156	Pseudoxanthomonas	Xanthomonadaceae	Xanthomonadales	Gammaproteobacteria	Proteobacteria	Bacteria
LjRoot157	Pseudoxanthomonas	Xanthomonadaceae	Xanthomonadales	Gammaproteobacteria	Proteobacteria	Bacteria
LjRoot158	Acidovorax	Comamonadaceae	Burkholderiales	Betaproteobacteria	Proteobacteria	Bacteria
LjRoot159	Pseudomonas	Pseudomonadaceae	Pseudomonadales	Gammaproteobacteria	Proteobacteria	Bacteria
LjRoot160	Variovorax	Comamonadaceae	Burkholderiales	Betaproteobacteria	Proteobacteria	Bacteria
LjRoot161	Variovorax	Comamonadaceae	Burkholderiales	Betaproteobacteria	Proteobacteria	Bacteria
LjRoot162	Pseudomonas	Pseudomonadaceae	Pseudomonadales	Gammaproteobacteria	Proteobacteria	Bacteria
LjRoot163	Pseudomonas	Pseudomonadaceae	Pseudomonadales	Gammaproteobacteria	Proteobacteria	Bacteria
LjRoot164	Acidovorax	Comamonadaceae	Burkholderiales	Betaproteobacteria	Proteobacteria	Bacteria
LjRoot165	Pseudoxanthomonas	Xanthomonadaceae	Xanthomonadales	Gammaproteobacteria	Proteobacteria	Bacteria
LjRoot166	Acidovorax	Comamonadaceae	Burkholderiales	Betaproteobacteria	Proteobacteria	Bacteria
LjRoot167	Phenylobacterium	Caulobacteraceae	Caulobacterales	Alphaproteobacteria	Proteobacteria	Bacteria
LjRoot168	Pseudomonas	Pseudomonadaceae	Pseudomonadales	Gammaproteobacteria	Proteobacteria	Bacteria
LjRoot169	Variovorax	Comamonadaceae	Burkholderiales	Betaproteobacteria	Proteobacteria	Bacteria
LjRoot170	Variovorax	Comamonadaceae	Burkholderiales	Betaproteobacteria	Proteobacteria	Bacteria
LjRoot171	Variovorax	Comamonadaceae	Burkholderiales	Betaproteobacteria	Proteobacteria	Bacteria
LjRoot172	Variovorax	Comamonadaceae	Burkholderiales	Betaproteobacteria	Proteobacteria	Bacteria
LjRoot173	Pseudoxanthomonas	Xanthomonadaceae	Xanthomonadales	Gammaproteobacteria	Proteobacteria	Bacteria
LjRoot174A	Pseudoxanthomonas	Xanthomonadaceae	Xanthomonadales	Gammaproteobacteria	Proteobacteria	Bacteria
LjRoot174B	Variovorax	Comamonadaceae	Burkholderiales	Betaproteobacteria	Proteobacteria	Bacteria
LjRoot175	Variovorax	Comamonadaceae	Burkholderiales	Betaproteobacteria	Proteobacteria	Bacteria
LjRoot176	Acidovorax	Comamonadaceae	Burkholderiales	Betaproteobacteria	Proteobacteria	Bacteria
LjRoot177	Devosia	Hyphomicrobiaceae	Rhizobiales	Alphaproteobacteria	Proteobacteria	Bacteria
LjRoot178	Variovorax	Comamonadaceae	Burkholderiales	Betaproteobacteria	Proteobacteria	Bacteria
LjRoot179	Variovorax	Comamonadaceae	Burkholderiales	Betaproteobacteria	Proteobacteria	Bacteria
LjRoot180	Acidovorax	Comamonadaceae	Burkholderiales	Betaproteobacteria	Proteobacteria	Bacteria
LjRoot181	Acidovorax	Comamonadaceae	Burkholderiales	Betaproteobacteria	Proteobacteria	Bacteria
LjRoot182	Pseudomonas	Pseudomonadaceae	Pseudomonadales	Gammaproteobacteria	Proteobacteria	Bacteria
LjRoot183	Duganella	Oxalobacteraceae	Burkholderiales	Betaproteobacteria	Proteobacteria	Bacteria
LjRoot184	Devosia	Hyphomicrobiaceae	Rhizobiales	Alphaproteobacteria	Proteobacteria	Bacteria
LjRoot185A	Acidovorax	Comamonadaceae	Burkholderiales	Betaproteobacteria	Proteobacteria	Bacteria
LjRoot185B	Microbacterium	Microbacteriaceae	Actinomycetales	Actinobacteria	Actinobacteria	Bacteria
LjRoot186	Microbacterium	Microbacteriaceae	Actinomycetales	Actinobacteria	Actinobacteria	Bacteria
LjRoot187	Acidovorax	Comamonadaceae	Burkholderiales	Betaproteobacteria	Proteobacteria	Bacteria
LjRoot188	Acidovorax	Comamonadaceae	Burkholderiales	Betaproteobacteria	Proteobacteria	Bacteria
LjRoot189	Acidovorax	Comamonadaceae	Burkholderiales	Betaproteobacteria	Proteobacteria	Bacteria
LjRoot190	Acidovorax	Comamonadaceae	Burkholderiales	Betaproteobacteria	Proteobacteria	Bacteria
LjRoot191	Acidovorax	Comamonadaceae	Burkholderiales	Betaproteobacteria	Proteobacteria	Bacteria
LjRoot192	Acidovorax	Comamonadaceae	Burkholderiales	Betaproteobacteria	Proteobacteria	Bacteria
LjRoot193	Pseudoxanthomonas	Xanthomonadaceae	Xanthomonadales	Gammaproteobacteria	Proteobacteria	Bacteria
LjRoot194	Acidovorax	Comamonadaceae	Burkholderiales	Betaproteobacteria	Proteobacteria	Bacteria
LjRoot195	Pseudomonas	Pseudomonadaceae	Pseudomonadales	Gammaproteobacteria	Proteobacteria	Bacteria
LjRoot196	Pseudoduganella	Oxalobacteraceae	Burkholderiales	Betaproteobacteria	Proteobacteria	Bacteria
LjRoot197	Pseudoxanthomonas	Xanthomonadaceae	Xanthomonadales	Gammaproteobacteria	Proteobacteria	Bacteria
LjRoot198	Acidovorax	Comamonadaceae	Burkholderiales	Betaproteobacteria	Proteobacteria	Bacteria
LjRoot199	Acidovorax	Comamonadaceae	Burkholderiales	Betaproteobacteria	Proteobacteria	Bacteria
LjRoot200	Acidovorax	Comamonadaceae	Burkholderiales	Betaproteobacteria	Proteobacteria	Bacteria
LjRoot201	Acidovorax	Comamonadaceae	Burkholderiales	Betaproteobacteria	Proteobacteria	Bacteria
LjRoot202	Brevundimonas	Caulobacteraceae	Caulobacterales	Alphaproteobacteria	Proteobacteria	Bacteria
LjRoot203	Variovorax	Comamonadaceae	Burkholderiales	Betaproteobacteria	Proteobacteria	Bacteria
LjRoot204						
LjRoot205						
LjRoot206						
LjRoot207						
LjRoot208						
LjRoot219	Phenylobacterium	Caulobacteraceae	Caulobacterales	Alphaproteobacteria	Proteobacteria	Bacteria
LjRoot220	Bradyrhizobium	Bradyrhizobiaceae	Rhizobiales	Alphaproteobacteria	Proteobacteria	Bacteria
LjRoot221	Rhizobium	Rhizobiaceae	Rhizobiales	Alphaproteobacteria	Proteobacteria	Bacteria
LjRoot222	Devosia	Hyphomicrobiaceae	Rhizobiales	Alphaproteobacteria	Proteobacteria	Bacteria
LjRoot223	Burkholderia	Burkholderiaceae	Burkholderiales	Betaproteobacteria	Proteobacteria	Bacteria
LjRoot224	Rhizobium	Rhizobiaceae	Rhizobiales	Alphaproteobacteria	Proteobacteria	Bacteria
LjRoot225	Phenylobacterium	Caulobacteraceae	Caulobacterales	Alphaproteobacteria	Proteobacteria	Bacteria
LjRoot226	Sphingomonas	Sphingomonadaceae	Sphingomonadales	Alphaproteobacteria	Proteobacteria	Bacteria
LjRoot227	Sphingomonas	Sphingomonadaceae	Sphingomonadales	Alphaproteobacteria	Proteobacteria	Bacteria
LjRoot228	Mesorhizobium	Phyllobacteriaceae	Rhizobiales	Alphaproteobacteria	Proteobacteria	Bacteria
LjRoot229	Bradyrhizobium	Bradyrhizobiaceae	Rhizobiales	Alphaproteobacteria	Proteobacteria	Bacteria
LjRoot230	Burkholderia	Burkholderiaceae	Burkholderiales	Betaproteobacteria	Proteobacteria	Bacteria
LjRoot231	Phyllobacterium	Phyllobacteriaceae	Rhizobiales	Alphaproteobacteria	Proteobacteria	Bacteria
LjRoot232	Pseudomonas	Pseudomonadaceae	Pseudomonadales	Gammaproteobacteria	Proteobacteria	Bacteria
LjRoot233	Bosea	Bradyrhizobiaceae	Rhizobiales	Alphaproteobacteria	Proteobacteria	Bacteria
LjRoot234	Mesorhizobium	Phyllobacteriaceae	Rhizobiales	Alphaproteobacteria	Proteobacteria	Bacteria
LjRoot235	Rhizobium	Rhizobiaceae	Rhizobiales	Alphaproteobacteria	Proteobacteria	Bacteria
LjRoot236	Variovorax	Comamonadaceae	Burkholderiales	Betaproteobacteria	Proteobacteria	Bacteria
LjRoot237	Bosea	Bradyrhizobiaceae	Rhizobiales	Alphaproteobacteria	Proteobacteria	Bacteria
LjRoot238	Rhizobium	Rhizobiaceae	Rhizobiales	Alphaproteobacteria	Proteobacteria	Bacteria
LjRoot239	Neorhizobium	Rhizobiaceae	Rhizobiales	Alphaproteobacteria	Proteobacteria	Bacteria
LjRoot240	Neorhizobium	Rhizobiaceae	Rhizobiales	Alphaproteobacteria	Proteobacteria	Bacteria
LjRoot241	Burkholderia	Burkholderiaceae	Burkholderiales	Betaproteobacteria	Proteobacteria	Bacteria
LjRoot242	Streptomyces	Streptomycetaceae	Actinomycetales	Actinobacteria	Actinobacteria	Bacteria
LjRoot243	Bradyrhizobium	Bradyrhizobiaceae	Rhizobiales	Alphaproteobacteria	Proteobacteria	Bacteria
LjRoot244	Phyllobacterium	Phyllobacteriaceae	Rhizobiales	Alphaproteobacteria	Proteobacteria	Bacteria
LjRoot245	Rhizobium	Rhizobiaceae	Rhizobiales	Alphaproteobacteria	Proteobacteria	Bacteria
LjRoot246	Mesorhizobium	Phyllobacteriaceae	Rhizobiales	Alphaproteobacteria	Proteobacteria	Bacteria
LjRoot247	Pseudoxanthomonas	Xanthomonadaceae	Xanthomonadales	Gammaproteobacteria	Proteobacteria	Bacteria
LjRoot248	Rhizobium	Rhizobiaceae	Rhizobiales	Alphaproteobacteria	Proteobacteria	Bacteria
LjRoot249	Microbacterium	Microbacteriaceae	Actinomycetales	Actinobacteria	Actinobacteria	Bacteria
LjRoot250	Pseudomonas	Pseudomonadaceae	Pseudomonadales	Gammaproteobacteria	Proteobacteria	Bacteria
LjRoot251	Rhizobium	Rhizobiaceae	Rhizobiales	Alphaproteobacteria	Proteobacteria	Bacteria
LjRoot252	Pseudomonas	Pseudomonadaceae	Pseudomonadales	Gammaproteobacteria	Proteobacteria	Bacteria
LjRoot253	Bosea	Bradyrhizobiaceae	Rhizobiales	Alphaproteobacteria	Proteobacteria	Bacteria
LjRoot254	Rhizobium	Rhizobiaceae	Rhizobiales	Alphaproteobacteria	Proteobacteria	Bacteria
LjRoot255	Rhizobium	Rhizobiaceae	Rhizobiales	Alphaproteobacteria	Proteobacteria	Bacteria
LjRoot256	Brevundimonas	Caulobacteraceae	Caulobacterales	Alphaproteobacteria	Proteobacteria	Bacteria
LjRoot257	Ensifer	Rhizobiaceae	Rhizobiales	Alphaproteobacteria	Proteobacteria	Bacteria
LjRoot258	Rhizobium	Rhizobiaceae	Rhizobiales	Alphaproteobacteria	Proteobacteria	Bacteria
LjRoot259	Asticcacaulis	Caulobacteraceae	Caulobacterales	Alphaproteobacteria	Proteobacteria	Bacteria
LjRoot260	Variovorax	Comamonadaceae	Burkholderiales	Betaproteobacteria	Proteobacteria	Bacteria
LjRoot261	Bosea	Bradyrhizobiaceae	Rhizobiales	Alphaproteobacteria	Proteobacteria	Bacteria
LjRoot262	Sphingomonas	Sphingomonadaceae	Sphingomonadales	Alphaproteobacteria	Proteobacteria	Bacteria
LjRoot263	Pseudomonas	Pseudomonadaceae	Pseudomonadales	Gammaproteobacteria	Proteobacteria	Bacteria
LjRoot264	Pseudomonas	Pseudomonadaceae	Pseudomonadales	Gammaproteobacteria	Proteobacteria	Bacteria
LjRoot265	Rhizobium	Rhizobiaceae	Rhizobiales	Alphaproteobacteria	Proteobacteria	Bacteria
LjRoot266	Caulobacter	Caulobacteraceae	Caulobacterales	Alphaproteobacteria	Proteobacteria	Bacteria
LjRoot267	Burkholderia	Burkholderiaceae	Burkholderiales	Betaproteobacteria	Proteobacteria	Bacteria
LjRoot268	Pseudomonas	Pseudomonadaceae	Pseudomonadales	Gammaproteobacteria	Proteobacteria	Bacteria
LjRoot269	Duganella	Oxalobacteraceae	Burkholderiales	Betaproteobacteria	Proteobacteria	Bacteria
LjRoot270	Duganella	Oxalobacteraceae	Burkholderiales	Betaproteobacteria	Proteobacteria	Bacteria
LjRoot271	Duganella	Oxalobacteraceae	Burkholderiales	Betaproteobacteria	Proteobacteria	Bacteria
LjRoot272	Duganella	Oxalobacteraceae	Burkholderiales	Betaproteobacteria	Proteobacteria	Bacteria
LjRoot273	Rhizobium	Rhizobiaceae	Rhizobiales	Alphaproteobacteria	Proteobacteria	Bacteria
LjRoot274	Rhizobium	Rhizobiaceae	Rhizobiales	Alphaproteobacteria	Proteobacteria	Bacteria
LjRoot275	Duganella	Oxalobacteraceae	Burkholderiales	Betaproteobacteria	Proteobacteria	Bacteria
LjRoot276	Duganella	Oxalobacteraceae	Burkholderiales	Betaproteobacteria	Proteobacteria	Bacteria
LjRoot277	Pseudomonas	Pseudomonadaceae	Pseudomonadales	Gammaproteobacteria	Proteobacteria	Bacteria
LjRoot278	Pseudomonas	Pseudomonadaceae	Pseudomonadales	Gammaproteobacteria	Proteobacteria	Bacteria
LjRoot279	Pseudomonas	Pseudomonadaceae	Pseudomonadales	Gammaproteobacteria	Proteobacteria	Bacteria
LjRoot280	Duganella	Oxalobacteraceae	Burkholderiales	Betaproteobacteria	Proteobacteria	Bacteria
LjRoot281	Pseudomonas	Pseudomonadaceae	Pseudomonadales	Gammaproteobacteria	Proteobacteria	Bacteria
LjRoot282	Massilia	Oxalobacteraceae	Burkholderiales	Betaproteobacteria	Proteobacteria	Bacteria
LjRoot283	Arthrobacter	Micrococcaceae	Actinomycetales	Actinobacteria	Actinobacteria	Bacteria
LjRoot284	Brevundimonas	Caulobacteraceae	Caulobacterales	Alphaproteobacteria	Proteobacteria	Bacteria
LjRoot285	Caulobacter	Caulobacteraceae	Caulobacterales	Alphaproteobacteria	Proteobacteria	Bacteria
LjRoot286	Pseudomonas	Pseudomonadaceae	Pseudomonadales	Gammaproteobacteria	Proteobacteria	Bacteria
LjRoot287	Pseudoduganella	Oxalobacteraceae	Burkholderiales	Betaproteobacteria	Proteobacteria	Bacteria
LjRoot288	Variovorax	Comamonadaceae	Burkholderiales	Betaproteobacteria	Proteobacteria	Bacteria
LjRoot289	Massilia	Oxalobacteraceae	Burkholderiales	Betaproteobacteria	Proteobacteria	Bacteria
LjRoot290	Variovorax	Comamonadaceae	Burkholderiales	Betaproteobacteria	Proteobacteria	Bacteria
LjRoot291	Caulobacter	Caulobacteraceae	Caulobacterales	Alphaproteobacteria	Proteobacteria	Bacteria
LjRoot293	Nitrobacter	Bradyrhizobiaceae	Rhizobiales	Alphaproteobacteria	Proteobacteria	Bacteria
LjRoot294	Variovorax	Comamonadaceae	Burkholderiales	Betaproteobacteria	Proteobacteria	Bacteria
LjRoot295	Noviherbaspirillum	Oxalobacteraceae	Burkholderiales	Betaproteobacteria	Proteobacteria	Bacteria
LjRoot296	Cupriavidus	Burkholderiaceae	Burkholderiales	Betaproteobacteria	Proteobacteria	Bacteria
LjRoot297	Bradyrhizobium	Bradyrhizobiaceae	Rhizobiales	Alphaproteobacteria	Proteobacteria	Bacteria
LjRoot298	Lysobacter	Xanthomonadaceae	Xanthomonadales	Gammaproteobacteria	Proteobacteria	Bacteria
LjRoot299	Caulobacter	Caulobacteraceae	Caulobacterales	Alphaproteobacteria	Proteobacteria	Bacteria
LjRoot300	Caulobacter	Caulobacteraceae	Caulobacterales	Alphaproteobacteria	Proteobacteria	Bacteria
LjRoot301	Phenylobacterium	Caulobacteraceae	Caulobacterales	Alphaproteobacteria	Proteobacteria	Bacteria
LjRoot302	Variovorax	Comamonadaceae	Burkholderiales	Betaproteobacteria	Proteobacteria	Bacteria
LjRoot303	Streptomyces	Streptomycetaceae	Actinomycetales	Actinobacteria	Actinobacteria	Bacteria
LjRoot304	Streptomyces	Streptomycetaceae	Actinomycetales	Actinobacteria	Actinobacteria	Bacteria
LjRoot305	Variovorax	Comamonadaceae	Burkholderiales	Betaproteobacteria	Proteobacteria	Bacteria
LjRoot306	Polaromonas	Comamonadaceae	Burkholderiales	Betaproteobacteria	Proteobacteria	Bacteria
LjRoot307	Streptomyces	Streptomycetaceae	Actinomycetales	Actinobacteria	Actinobacteria	Bacteria
Chlamy6	Variovorax	Comamonadaceae	Burkholderiales	Betaproteobacteria	Proteobacteria	Bacteria
Chlamy7	Sphingomonas	Sphingomonadaceae	Sphingomonadales	Alphaproteobacteria	Proteobacteria	Bacteria
Chlamy8	Bosea	Bradyrhizobiaceae	Rhizobiales	Alphaproteobacteria	Proteobacteria	Bacteria
Chlamy9	Bosea	Bradyrhizobiaceae	Rhizobiales	Alphaproteobacteria	Proteobacteria	Bacteria
Chlamy10						
Chlamy11	Bosea	Bradyrhizobiaceae	Rhizobiales	Alphaproteobacteria	Proteobacteria	Bacteria
Chlamy12	Variovorax	Comamonadaceae	Burkholderiales	Betaproteobacteria	Proteobacteria	Bacteria
Chlamy13	Variovorax	Comamonadaceae	Burkholderiales	Betaproteobacteria	Proteobacteria	Bacteria
Chlamy14						
Chlamy15	Cupriavidus	Burkholderiaceae	Burkholderiales	Gammaproteobacteria	Proteobacteria	Bacteria
Chlamy16	Cupriavidus	Burkholderiaceae	Burkholderiales	Betaproteobacteria	Proteobacteria	Bacteria
Chlamy17	Cupriavidus	Burkholderiaceae	Burkholderiales	Betaproteobacteria	Proteobacteria	Bacteria
Chlamy18	Cupriavidus	Burkholderiaceae	Burkholderiales	Betaproteobacteria	Proteobacteria	Bacteria
Chlamy19	Cupriavidus	Burkholderiaceae	Burkholderiales	Betaproteobacteria	Proteobacteria	Bacteria
Chlamy20	Cupriavidus	Burkholderiaceae	Burkholderiales	Betaproteobacteria	Proteobacteria	Bacteria
Chlamy21	Cupriavidus	Burkholderiaceae	Burkholderiales	Betaproteobacteria	Proteobacteria	Bacteria
Chlamy22						
Chlamy23	Arthrobacter	Micrococcaceae	Actinomycetales	Actinobacteria	Actinobacteria	Bacteria
Chlamy24	Stenotrophomonas	Xanthomonadaceae	Xanthomonadales	Gammaproteobacteria	Proteobacteria	Bacteria
Chlamy25	Cupriavidus	Burkholderiaceae	Burkholderiales	Betaproteobacteria	Proteobacteria	Bacteria
Chlamy26	Aeromonas	Aeromonadaceae	Aeromonadales	Gammaproteobacteria	Proteobacteria	Bacteria
Chlamy28	Acidovorax	Comamonadaceae	Burkholderiales	Betaproteobacteria	Proteobacteria	Bacteria
Chlamy29	Acidovorax	Comamonadaceae	Burkholderiales	Betaproteobacteria	Proteobacteria	Bacteria
Chlamy30	Acidovorax	Comamonadaceae	Burkholderiales	Betaproteobacteria	Proteobacteria	Bacteria
Chlamy31	Acidovorax	Comamonadaceae	Burkholderiales	Betaproteobacteria	Proteobacteria	Bacteria
Chlamy32	Acidovorax	Comamonadaceae	Burkholderiales	Betaproteobacteria	Proteobacteria	Bacteria
Chlamy33	Micrococcus	Micrococcaceae	Actinomycetales	Actinobacteria	Actinobacteriota	Bacteria
Chlamy34	Acidovorax	Comamonadaceae	Burkholderiales	Betaproteobacteria	Proteobacteria	Bacteria
Chlamy35	Cupriavidus	Burkholderiaceae	Burkholderiales	Betaproteobacteria	Proteobacteria	Bacteria
Chlamy36	Cupriavidus	Burkholderiaceae	Burkholderiales	Betaproteobacteria	Proteobacteria	Bacteria
Chlamy37	Cupriavidus	Burkholderiaceae	Burkholderiales	Betaproteobacteria	Proteobacteria	Bacteria
Chlamy38	Cupriavidus	Burkholderiaceae	Burkholderiales	Betaproteobacteria	Proteobacteria	Bacteria
Chlamy39	Stenotrophomonas	Xanthomonadaceae	Xanthomonadales	Gammaproteobacteria	Proteobacteria	Bacteria
Chlamy40	Cupriavidus	Burkholderiaceae	Burkholderiales	Gammaproteobacteria	Proteobacteria	Bacteria
Chlamy41	Cupriavidus	Burkholderiaceae	Burkholderiales	Gammaproteobacteria	Proteobacteria	Bacteria
Chlamy42	Bosea	Bradyrhizobiaceae	Rhizobiales	Alphaproteobacteria	Proteobacteria	Bacteria
Chlamy43	Cupriavidus	Burkholderiaceae	Burkholderiales	Betaproteobacteria	Proteobacteria	Bacteria
Chlamy44	Aeromonas	Aeromonadaceae	Aeromonadales	Gammaproteobacteria	Proteobacteria	Bacteria
Chlamy45	Chryseobacterium	Flavobacteriaceae	Flavobacteriales	Flavobacteriia	Bacteroidetes	Bacteria
Chlamy46	Acidovorax	Comamonadaceae	Burkholderiales	Betaproteobacteria	Proteobacteria	Bacteria
Chlamy47	Acidovorax	Comamonadaceae	Burkholderiales	Betaproteobacteria	Proteobacteria	Bacteria
Chlamy48	Acidovorax	Comamonadaceae	Burkholderiales	Betaproteobacteria	Proteobacteria	Bacteria
Chlamy49	Sphingopyxis	Sphingomonadaceae	Sphingomonadales	Alphaproteobacteria	Proteobacteria	Bacteria
Chlamy50	Acidovorax	Comamonadaceae	Burkholderiales	Betaproteobacteria	Proteobacteria	Bacteria
Chlamy51	Acidovorax	Comamonadaceae	Burkholderiales	Betaproteobacteria	Proteobacteria	Bacteria
Chlamy52	Microbacterium	Microbacteriaceae	Actinomycetales	Actinobacteria	Actinobacteria	Bacteria
Chlamy53	Acidovorax	Comamonadaceae	Burkholderiales	Betaproteobacteria	Proteobacteria	Bacteria
Chlamy54	Acidovorax	Comamonadaceae	Burkholderiales	Betaproteobacteria	Proteobacteria	Bacteria
Chlamy55	Acidovorax	Comamonadaceae	Burkholderiales	Betaproteobacteria	Proteobacteria	Bacteria
Chlamy56	Cupriavidus	Burkholderiaceae	Burkholderiales	Betaproteobacteria	Proteobacteria	Bacteria
Chlamy57	Cupriavidus	Burkholderiaceae	Burkholderiales	Betaproteobacteria	Proteobacteria	Bacteria
Chlamy58	Acidovorax	Comamonadaceae	Burkholderiales	Betaproteobacteria	Proteobacteria	Bacteria
Chlamy59	Chryseobacterium	Flavobacteriaceae	Flavobacteriales	Flavobacteriia	Bacteroidetes	Bacteria
Chlamy60	Chryseobacterium	Flavobacteriaceae	Flavobacteriales	Flavobacteriia	Bacteroidetes	Bacteria
Chlamy61	Cupriavidus	Burkholderiaceae	Burkholderiales	Gammaproteobacteria	Proteobacteria	Bacteria
Chlamy62	Cupriavidus	Burkholderiaceae	Burkholderiales	Betaproteobacteria	Proteobacteria	Bacteria
Chlamy63	Cupriavidus	Burkholderiaceae	Burkholderiales	Betaproteobacteria	Proteobacteria	Bacteria
Chlamy64	Chryseobacterium	Flavobacteriaceae	Flavobacteriales	Flavobacteriia	Bacteroidetes	Bacteria
Chlamy65	Cupriavidus	Burkholderiaceae	Burkholderiales	Betaproteobacteria	Proteobacteria	Bacteria
Chlamy66	Cupriavidus	Burkholderiaceae	Burkholderiales	Betaproteobacteria	Proteobacteria	Bacteria
Chlamy67	Cupriavidus	Burkholderiaceae	Burkholderiales	Betaproteobacteria	Proteobacteria	Bacteria
Chlamy68	Cupriavidus	Burkholderiaceae	Burkholderiales	Betaproteobacteria	Proteobacteria	Bacteria
Chlamy69	Microbacterium	Microbacteriaceae	Actinomycetales	Actinobacteria	Actinobacteriota	Bacteria
Chlamy70	Arthrobacter	Micrococcaceae	Actinomycetales	Actinobacteria	Actinobacteria	Bacteria
Chlamy71	Stenotrophomonas	Xanthomonadaceae	Xanthomonadales	Gammaproteobacteria	Proteobacteria	Bacteria
Chlamy72						
Chlamy73						
Chlamy74	Brevundimonas	Caulobacteraceae	Caulobacterales	Alphaproteobacteria	Proteobacteria	Bacteria
Chlamy75	Sphingopyxis	Sphingomonadaceae	Sphingomonadales	Alphaproteobacteria	Proteobacteria	Bacteria
Chlamy76	Cupriavidus	Burkholderiaceae	Burkholderiales	Betaproteobacteria	Proteobacteria	Bacteria
Chlamy77	Massilia	Oxalobacteraceae	Burkholderiales	Betaproteobacteria	Proteobacteria	Bacteria
Chlamy78	Massilia	Oxalobacteraceae	Burkholderiales	Betaproteobacteria	Proteobacteria	Bacteria
Chlamy79	Massilia	Oxalobacteraceae	Burkholderiales	Betaproteobacteria	Proteobacteria	Bacteria
Chlamy80	Brevundimonas	Caulobacteraceae	Caulobacterales	Alphaproteobacteria	Proteobacteria	Bacteria
Chlamy81	Variovorax	Comamonadaceae	Burkholderiales	Betaproteobacteria	Proteobacteria	Bacteria
Chlamy82	Chryseobacterium	Flavobacteriaceae	Flavobacteriales	Flavobacteriia	Bacteroidetes	Bacteria
Chlamy83	Chryseobacterium	Weeksellaceae	Flavobacteriales	Bacteroidia	Bacteroidota	Bacteria
Chlamy84	Cupriavidus	Burkholderiaceae	Burkholderiales	Betaproteobacteria	Proteobacteria	Bacteria
Chlamy85	Variovorax	Burkholderiaceae	Burkholderiales	Gammaproteobacteria	Proteobacteria	Bacteria
Chlamy86	Bosea	Bradyrhizobiaceae	Rhizobiales	Alphaproteobacteria	Proteobacteria	Bacteria
Chlamy87						
Chlamy88	Cupriavidus	Burkholderiaceae	Burkholderiales	Betaproteobacteria	Proteobacteria	Bacteria
Chlamy89	Cupriavidus	Burkholderiaceae	Burkholderiales	Betaproteobacteria	Proteobacteria	Bacteria
Chlamy90	Pseudomonas	Pseudomonadaceae	Pseudomonadales	Gammaproteobacteria	Proteobacteria	Bacteria
Chlamy91	Stenotrophomonas	Xanthomonadaceae	Xanthomonadales	Gammaproteobacteria	Proteobacteria	Bacteria
Chlamy92	Cupriavidus	Burkholderiaceae	Burkholderiales	Betaproteobacteria	Proteobacteria	Bacteria
Chlamy93	Stenotrophomonas	Xanthomonadaceae	Xanthomonadales	Gammaproteobacteria	Proteobacteria	Bacteria
Chlamy94	Chryseobacterium	Flavobacteriaceae	Flavobacteriales	Flavobacteriia	Bacteroidetes	Bacteria
Chlamy95	Cupriavidus	Burkholderiaceae	Burkholderiales	Betaproteobacteria	Proteobacteria	Bacteria
Chlamy96	Cupriavidus	Burkholderiaceae	Burkholderiales	Betaproteobacteria	Proteobacteria	Bacteria
Chlamy97	Chryseobacterium	Flavobacteriaceae	Flavobacteriales	Flavobacteriia	Bacteroidetes	Bacteria
Chlamy98	Cupriavidus	Burkholderiaceae	Burkholderiales	Betaproteobacteria	Proteobacteria	Bacteria
Chlamy99	Cupriavidus	Burkholderiaceae	Burkholderiales	Betaproteobacteria	Proteobacteria	Bacteria
Chlamy100	Cupriavidus	Burkholderiaceae	Burkholderiales	Betaproteobacteria	Proteobacteria	Bacteria
Chlamy101	Cupriavidus	Burkholderiaceae	Burkholderiales	Betaproteobacteria	Proteobacteria	Bacteria
Chlamy102						
Chlamy103	Chryseobacterium	Flavobacteriaceae	Flavobacteriales	Flavobacteriia	Bacteroidetes	Bacteria
Chlamy104	Cupriavidus	Burkholderiaceae	Burkholderiales	Betaproteobacteria	Proteobacteria	Bacteria
Chlamy105	Cupriavidus	Burkholderiaceae	Burkholderiales	Betaproteobacteria	Proteobacteria	Bacteria
Chlamy106						
Chlamy107	Pseudomonas	Pseudomonadaceae	Pseudomonadales	Gammaproteobacteria	Proteobacteria	Bacteria
Chlamy108	Pseudomonas	Pseudomonadaceae	Pseudomonadales	Gammaproteobacteria	Proteobacteria	Bacteria
Chlamy109	Cupriavidus	Burkholderiaceae	Burkholderiales	Betaproteobacteria	Proteobacteria	Bacteria
Chlamy110	Cupriavidus	Burkholderiaceae	Burkholderiales	Betaproteobacteria	Proteobacteria	Bacteria
Chlamy111					Proteobacteria	Bacteria
Chlamy112					Proteobacteria	Bacteria
Chlamy113	Arthrobacter	Micrococcaceae	Actinomycetales	Actinobacteria	Actinobacteria	Bacteria
Chlamy114	Cupriavidus	Burkholderiaceae	Burkholderiales	Betaproteobacteria	Proteobacteria	Bacteria
Chlamy115	Arthrobacter	Micrococcaceae	Actinomycetales	Actinobacteria	Actinobacteria	Bacteria
Chlamy116	Chryseobacterium	Flavobacteriaceae	Flavobacteriales	Flavobacteriia	Bacteroidetes	Bacteria
Chlamy117	Chryseobacterium	Flavobacteriaceae	Flavobacteriales	Flavobacteriia	Bacteroidetes	Bacteria
Chlamy118	Chryseobacterium	Flavobacteriaceae	Flavobacteriales	Flavobacteriia	Bacteroidetes	Bacteria
Chlamy119	Cupriavidus	Burkholderiaceae	Burkholderiales	Betaproteobacteria	Proteobacteria	Bacteria
Chlamy120	Chryseobacterium	Flavobacteriaceae	Flavobacteriales	Flavobacteriia	Bacteroidetes	Bacteria
Chlamy121						
Chlamy122	Chryseobacterium	Flavobacteriaceae	Flavobacteriales	Flavobacteriia	Bacteroidetes	Bacteria
Chlamy123	Stenotrophomonas	Xanthomonadaceae	Xanthomonadales	Gammaproteobacteria	Proteobacteria	Bacteria
Chlamy124	Chryseobacterium	Flavobacteriaceae	Flavobacteriales	Flavobacteriia	Bacteroidetes	Bacteria
Chlamy125	Pseudomonas	Pseudomonadaceae	Pseudomonadales	Gammaproteobacteria	Proteobacteria	Bacteria
Chlamy126	Cupriavidus	Burkholderiaceae	Burkholderiales	Betaproteobacteria	Proteobacteria	Bacteria
Chlamy127	Cupriavidus	Burkholderiaceae	Burkholderiales	Betaproteobacteria	Proteobacteria	Bacteria
Chlamy128	Cupriavidus	Burkholderiaceae	Burkholderiales	Betaproteobacteria	Proteobacteria	Bacteria
Chlamy129	Chryseobacterium	Flavobacteriaceae	Flavobacteriales	Flavobacteriia	Bacteroidetes	Bacteria
Chlamy130	Stenotrophomonas	Xanthomonadaceae	Xanthomonadales	Gammaproteobacteria	Proteobacteria	Bacteria
Chlamy131	Chryseobacterium	Flavobacteriaceae	Flavobacteriales	Flavobacteriia	Bacteroidetes	Bacteria
Chlamy132						
Chlamy133	Brevundimonas	Caulobacteraceae	Caulobacterales	Alphaproteobacteria	Proteobacteria	Bacteria
Chlamy134	Micrococcus	Micrococcaceae	Actinomycetales	Actinobacteria	Actinobacteria	Bacteria
Chlamy135	Bacillus	Bacillaceae	Bacillales	Bacilli	Firmicutes	Bacteria
Chlamy136	Bacillus	Bacillaceae	Bacillales	Bacilli	Firmicutes	Bacteria
Chlamy137	Chryseobacterium	Flavobacteriaceae	Flavobacteriales	Flavobacteriia	Bacteroidetes	Bacteria
Chlamy138	Brevundimonas	Caulobacteraceae	Caulobacterales	Alphaproteobacteria	Proteobacteria	Bacteria
Chlamy139	Massilia	Oxalobacteraceae	Burkholderiales	Betaproteobacteria	Proteobacteria	Bacteria
Chlamy140	Brevundimonas	Caulobacteraceae	Caulobacterales	Alphaproteobacteria	Proteobacteria	Bacteria
Chlamy141						
Chlamy142	Brevundimonas	Caulobacteraceae	Caulobacterales	Alphaproteobacteria	Proteobacteria	Bacteria
Chlamy143						
Chlamy144	Massilia	Oxalobacteraceae	Burkholderiales	Betaproteobacteria	Proteobacteria	Bacteria
Chlamy145	Brevundimonas	Caulobacteraceae	Caulobacterales	Alphaproteobacteria	Proteobacteria	Bacteria
Chlamy146	Sphingopyxis	Sphingomonadaceae	Sphingomonadales	Alphaproteobacteria	Proteobacteria	Bacteria
Chlamy147	Sphingopyxis	Sphingomonadaceae	Sphingomonadales	Alphaproteobacteria	Proteobacteria	Bacteria
Chlamy148	Chryseobacterium	Flavobacteriaceae	Flavobacteriales	Flavobacteriia	Bacteroidetes	Bacteria
Chlamy149	Massilia	Oxalobacteraceae	Burkholderiales	Betaproteobacteria	Proteobacteria	Bacteria
Chlamy150	Brevundimonas	Caulobacteraceae	Caulobacterales	Alphaproteobacteria	Proteobacteria	Bacteria
Chlamy151	Massilia	Oxalobacteraceae	Burkholderiales	Betaproteobacteria	Proteobacteria	Bacteria
Chlamy152	Massilia	Oxalobacteraceae	Burkholderiales	Betaproteobacteria	Proteobacteria	Bacteria
Chlamy153	Massilia	Oxalobacteraceae	Burkholderiales	Betaproteobacteria	Proteobacteria	Bacteria
Chlamy154	Massilia	Oxalobacteraceae	Burkholderiales	Betaproteobacteria	Proteobacteria	Bacteria
Chlamy155	Sphingomonas	Sphingomonadaceae	Sphingomonadales	Alphaproteobacteria	Proteobacteria	Bacteria
Chlamy156	Massilia	Oxalobacteraceae	Burkholderiales	Betaproteobacteria	Proteobacteria	Bacteria
Chlamy157	Brevundimonas	Caulobacteraceae	Caulobacterales	Alphaproteobacteria	Proteobacteria	Bacteria
Chlamy158						
Chlamy159	Brevundimonas	Caulobacteraceae	Caulobacterales	Alphaproteobacteria	Proteobacteria	Bacteria
Chlamy160	Microbacterium	Microbacteriaceae	Actinomycetales	Actinobacteria	Actinobacteriota	Bacteria
Chlamy161	Bosea	Bradyrhizobiaceae	Rhizobiales	Alphaproteobacteria	Proteobacteria	Bacteria
Chlamy162	Microbacterium	Microbacteriaceae	Actinomycetales	Actinobacteria	Actinobacteria	Bacteria
Chlamy163	Shinella	Rhizobiaceae	Rhizobiales	Alphaproteobacteria	Proteobacteria	Bacteria
Chlamy164	Sphingomonas	Sphingomonadaceae	Sphingomonadales	Alphaproteobacteria	Proteobacteria	Bacteria
Chlamy165	Pseudomonas	Pseudomonadaceae	Pseudomonadales	Gammaproteobacteria	Proteobacteria	Bacteria
Chlamy166	Chryseobacterium	Flavobacteriaceae	Flavobacteriales	Flavobacteriia	Bacteroidetes	Bacteria
Chlamy167	Brevundimonas	Caulobacteraceae	Caulobacterales	Alphaproteobacteria	Proteobacteria	Bacteria
Chlamy168						
Chlamy169	Brevundimonas	Caulobacteraceae	Caulobacterales	Alphaproteobacteria	Proteobacteria	Bacteria
Chlamy170	Microbacterium	Microbacteriaceae	Actinomycetales	Actinobacteria	Actinobacteriota	Bacteria
Chlamy171	Sphingomonas	Sphingomonadaceae	Sphingomonadales	Alphaproteobacteria	Proteobacteria	Bacteria
Chlamy172	Bosea	Bradyrhizobiaceae	Rhizobiales	Alphaproteobacteria	Proteobacteria	Bacteria
Chlamy173	Variovorax	Comamonadaceae	Burkholderiales	Betaproteobacteria	Proteobacteria	Bacteria
Chlamy174	Microbacterium	Microbacteriaceae	Actinomycetales	Actinobacteria	Actinobacteria	Bacteria
Chlamy175	Microbacterium	Microbacteriaceae	Actinomycetales	Actinobacteria	Actinobacteria	Bacteria
Chlamy176	Falsibacillus	Bacillaceae	Bacillales	Bacilli	Firmicutes	Bacteria
Chlamy177	Variovorax	Comamonadaceae	Burkholderiales	Betaproteobacteria	Proteobacteria	Bacteria
Chlamy178	Variovorax	Comamonadaceae	Burkholderiales	Betaproteobacteria	Proteobacteria	Bacteria
Chlamy179	Bosea	Bradyrhizobiaceae	Rhizobiales	Alphaproteobacteria	Proteobacteria	Bacteria
Chlamy180	Sphingomonas	Sphingomonadaceae	Sphingomonadales	Alphaproteobacteria	Proteobacteria	Bacteria
Chlamy181	Bosea	Bradyrhizobiaceae	Rhizobiales	Alphaproteobacteria	Proteobacteria	Bacteria
Chlamy182	Cupriavidus	Burkholderiaceae	Burkholderiales	Betaproteobacteria	Proteobacteria	Bacteria
Chlamy183	Cupriavidus	Burkholderiaceae	Burkholderiales	Betaproteobacteria	Proteobacteria	Bacteria
Chlamy184	Chryseobacterium	Weeksellaceae	Flavobacteriales	Bacteroidia	Bacteroidota	Bacteria
Chlamy185						
Chlamy186	Chryseobacterium	Weeksellaceae	Flavobacteriales	Bacteroidia	Bacteroidota	Bacteria
Chlamy187	Cupriavidus	Burkholderiaceae	Burkholderiales	Betaproteobacteria	Proteobacteria	Bacteria
Chlamy188	Cupriavidus	Burkholderiaceae	Burkholderiales	Betaproteobacteria	Proteobacteria	Bacteria
Chlamy189	Chryseobacterium	Flavobacteriaceae	Flavobacteriales	Flavobacteriia	Bacteroidetes	Bacteria
Chlamy190	Cupriavidus	Burkholderiaceae	Burkholderiales	Betaproteobacteria	Proteobacteria	Bacteria
Chlamy191						
Chlamy192	Stenotrophomonas	Xanthomonadaceae	Xanthomonadales	Gammaproteobacteria	Proteobacteria	Bacteria
Chlamy193	Chryseobacterium	Flavobacteriaceae	Flavobacteriales	Flavobacteriia	Bacteroidetes	Bacteria
Chlamy194	Variovorax	Comamonadaceae	Burkholderiales	Betaproteobacteria	Proteobacteria	Bacteria
Chlamy195						
Chlamy196	Variovorax	Comamonadaceae	Burkholderiales	Betaproteobacteria	Proteobacteria	Bacteria
Chlamy197						
Chlamy198	Variovorax	Comamonadaceae	Burkholderiales	Betaproteobacteria	Proteobacteria	Bacteria
Chlamy199	Sphingomonas	Sphingomonadaceae	Sphingomonadales	Alphaproteobacteria	Proteobacteria	Bacteria
Chlamy200	Variovorax	Comamonadaceae	Burkholderiales	Betaproteobacteria	Proteobacteria	Bacteria
Chlamy201	Variovorax	Comamonadaceae	Burkholderiales	Betaproteobacteria	Proteobacteria	Bacteria
Chlamy202	Variovorax	Comamonadaceae	Burkholderiales	Betaproteobacteria	Proteobacteria	Bacteria
Chlamy203						
Chlamy204						
Chlamy205	Microbacterium	Microbacteriaceae	Actinomycetales	Actinobacteria	Actinobacteria	Bacteria
Chlamy206	Variovorax	Comamonadaceae	Burkholderiales	Betaproteobacteria	Proteobacteria	Bacteria
Chlamy207	Variovorax	Comamonadaceae	Burkholderiales	Betaproteobacteria	Proteobacteria	Bacteria
Chlamy208	Variovorax	Comamonadaceae	Burkholderiales	Betaproteobacteria	Proteobacteria	Bacteria
Chlamy209	Variovorax	Comamonadaceae	Burkholderiales	Betaproteobacteria	Proteobacteria	Bacteria
Chlamy210	Cupriavidus	Burkholderiaceae	Burkholderiales	Betaproteobacteria	Proteobacteria	Bacteria
Chlamy211	Stenotrophomonas	Xanthomonadaceae	Xanthomonadales	Gammaproteobacteria	Proteobacteria	Bacteria
